City_ID,City,Country,Date,Lat,Lng,Max Temp,Humidity,Cloudiness,Wind Speed
0,Oistins,BB,2022-02-11 18:04:42,13.0667,-59.5333,79.43,58,30,22.21
1,Bengkulu,ID,2022-02-11 18:04:43,-3.8004,102.2655,74.89,88,87,4.59
2,Codrington,AU,2022-02-11 18:04:43,-38.2667,141.9667,54.45,84,11,8.57
3,Castro,BR,2022-02-11 18:04:43,-24.7911,-50.0119,80.19,45,0,2.26
4,Khatanga,RU,2022-02-11 18:04:44,71.9667,102.5,2.44,82,96,16.2
5,Kapaa,US,2022-02-11 18:04:44,22.0752,-159.319,69.19,100,0,8.05
6,Bluff,NZ,2022-02-11 18:04:44,-46.6,168.3333,52.81,69,61,13.85
7,Axim,GH,2022-02-11 18:04:45,4.8699,-2.2405,81.81,77,18,9.51
8,Hambantota,LK,2022-02-11 18:04:45,6.1241,81.1185,77.27,87,99,12.75
9,Ushuaia,AR,2022-02-11 18:04:45,-54.8,-68.3,55.06,67,40,26.46
10,Korla,CN,2022-02-11 18:04:45,41.7597,86.1469,27.46,48,5,4.92
11,Lompoc,US,2022-02-11 18:04:46,34.6391,-120.4579,82.13,35,0,3.44
12,Punta Arenas,CL,2022-02-11 18:04:46,-53.15,-70.9167,59.02,62,0,14.97
13,Busselton,AU,2022-02-11 18:04:46,-33.65,115.3333,61.09,89,28,4.65
14,Bogorodsk,RU,2022-02-11 18:04:47,56.1033,43.5158,31.35,95,88,6.6
15,Poso,ID,2022-02-11 18:04:47,-1.3959,120.7524,76.73,87,100,4.52
16,Bentong,MY,2022-02-11 18:04:47,3.5181,101.9079,73.44,93,100,0.72
17,Rikitea,PF,2022-02-11 18:04:48,-23.1203,-134.9692,78.82,73,2,18.21
18,Batticaloa,LK,2022-02-11 18:04:48,7.7102,81.6924,78.58,85,100,8.28
19,Vaini,TO,2022-02-11 18:04:48,-21.2,-175.2,81.32,77,3,13.2
20,Monroe,US,2022-02-11 18:00:40,43.1501,-77.6831,49.28,50,99,18.48
21,Tuktoyaktuk,CA,2022-02-11 18:04:49,69.4541,-133.0374,-21.42,100,99,8.39
22,Vestmannaeyjar,IS,2022-02-11 18:04:49,63.4427,-20.2734,36.59,75,75,25.32
23,Lebu,CL,2022-02-11 18:01:24,-37.6167,-73.65,60.91,59,0,22.41
24,Rocha,UY,2022-02-11 18:04:49,-34.4833,-54.3333,88.25,38,14,4.45
25,Qaanaaq,GL,2022-02-11 18:04:50,77.484,-69.3632,-25.04,67,0,7.58
26,Eureka,US,2022-02-11 18:04:50,40.8021,-124.1637,61.41,74,1,1.01
27,Benguela,AO,2022-02-11 18:00:33,-12.5763,13.4055,78.04,70,70,5.64
28,Albany,US,2022-02-11 18:04:01,42.6001,-73.9662,49.95,41,44,4.0
29,Ojo Caliente,MX,2022-02-11 18:04:50,22.5708,-102.2519,64.81,22,2,4.25
30,Barra,BR,2022-02-11 18:04:51,-11.0894,-43.1417,91.27,36,12,7.36
31,Mar Del Plata,AR,2022-02-11 18:01:41,-38.0023,-57.5575,62.87,74,100,21.99
32,Westport,US,2022-02-11 18:04:51,41.1415,-73.3579,57.34,48,5,5.01
33,Jamestown,US,2022-02-11 18:04:51,42.097,-79.2353,51.12,45,100,17.27
34,Wanxian,CN,2022-02-11 18:04:52,30.8039,108.3897,44.56,91,76,2.68
35,Cape Town,ZA,2022-02-11 18:00:04,-33.9258,18.4232,72.1,72,1,1.99
36,Ponta Do Sol,PT,2022-02-11 18:04:52,32.6667,-17.1,68.72,81,2,2.04
37,Hithadhoo,MV,2022-02-11 18:04:52,-0.6,73.0833,81.81,69,100,7.99
38,Thompson,CA,2022-02-11 18:04:53,55.7435,-97.8558,-16.26,80,6,8.32
39,Asau,RO,2022-02-11 18:04:53,46.4333,26.4,42.4,88,15,5.91
40,Narsaq,GL,2022-02-11 18:04:53,60.9167,-46.05,23.22,72,100,3.11
41,Hobart,AU,2022-02-11 18:02:31,-42.8794,147.3294,51.06,75,100,10.36
42,Antofagasta,CL,2022-02-11 18:02:28,-23.65,-70.4,76.21,60,6,9.4
43,Ponta Delgada,PT,2022-02-11 18:04:39,37.7333,-25.6667,61.52,63,20,5.75
44,Tasiilaq,GL,2022-02-11 18:04:54,65.6145,-37.6368,14.16,60,100,5.12
45,Mataura,NZ,2022-02-11 18:05:54,-46.1927,168.8643,52.48,94,100,2.66
46,Wabag,PG,2022-02-11 18:05:54,-5.4781,143.7021,53.71,95,100,2.53
47,Georgetown,MY,2022-02-11 18:05:55,5.4112,100.3354,79.9,83,20,0.0
48,Dingle,PH,2022-02-11 18:05:55,10.9995,122.6711,74.71,91,100,6.55
49,Uzunovo,RU,2022-02-11 18:05:55,54.5386,38.6173,21.85,91,80,8.66
50,Saint Anthony,US,2022-02-11 18:05:56,45.0205,-93.218,24.75,70,100,24.16
51,San Jose,US,2022-02-11 18:02:03,37.3394,-121.895,71.91,50,20,1.01
52,Hovd,MN,2022-02-11 18:05:56,48.0056,91.6419,-13.76,88,94,4.47
53,Butaritari,KI,2022-02-11 18:05:56,3.0707,172.7902,81.09,79,60,15.95
54,Diego De Almagro,CL,2022-02-11 18:01:44,-26.3667,-70.05,81.5,22,0,15.59
55,Kerema,PG,2022-02-11 18:05:57,-7.9631,145.7785,75.88,82,100,4.97
56,Atuona,PF,2022-02-11 18:05:57,-9.8,-139.0333,77.47,77,28,14.61
57,Yanji,CN,2022-02-11 18:05:57,42.9075,129.5078,17.49,67,8,13.13
58,Bambous Virieux,MU,2022-02-11 18:05:58,-20.3428,57.7575,79.05,83,20,1.14
59,Kirakira,SB,2022-02-11 18:05:58,-10.4544,161.9205,76.77,94,100,13.42
60,Manyana,BW,2022-02-11 18:01:42,-23.4,21.7167,77.09,50,61,3.85
61,Mahebourg,MU,2022-02-11 18:05:58,-20.4081,57.7,79.09,83,20,1.14
62,Quatre Cocos,MU,2022-02-11 18:05:59,-20.2078,57.7625,78.91,80,90,4.47
63,Saint-Paul,RE,2022-02-11 18:05:59,-21.0096,55.2707,78.91,79,44,4.09
64,Ancud,CL,2022-02-11 18:05:59,-41.8697,-73.8203,67.23,53,0,6.58
65,Longyearbyen,SJ,2022-02-11 18:05:59,78.2186,15.6401,19.24,93,75,4.61
66,Novyy Urgal,RU,2022-02-11 18:06:00,51.0736,132.5642,-0.62,99,100,1.45
67,Port Alfred,ZA,2022-02-11 18:06:00,-33.5906,26.891,70.43,84,9,5.68
68,Sedro-Woolley,US,2022-02-11 18:06:00,48.5039,-122.2361,47.08,84,0,1.01
69,Portland,US,2022-02-11 18:02:33,45.5234,-122.6762,53.28,82,40,6.91
70,Ravar,IR,2022-02-11 18:06:01,31.2656,56.8055,54.88,26,0,1.21
71,Geraldton,AU,2022-02-11 18:06:01,-28.7667,114.6,73.81,83,40,4.61
72,Naze,JP,2022-02-11 18:06:02,28.3667,129.4833,57.2,65,95,7.81
73,Derzhavinsk,KZ,2022-02-11 18:06:02,51.1,66.3167,25.02,95,100,20.96
74,Deputatskiy,RU,2022-02-11 18:06:02,69.3,139.9,-17.88,96,94,5.73
75,Presidencia Roque Saenz Pena,AR,2022-02-11 18:05:54,-26.7852,-60.4388,105.4,15,0,5.41
76,Hofn,IS,2022-02-11 18:06:03,64.2539,-15.2082,30.22,55,40,12.66
77,Provideniya,RU,2022-02-11 18:06:03,64.3833,-173.3,-17.1,92,14,8.97
78,Kahta,TR,2022-02-11 18:06:03,37.7855,38.6237,42.17,57,0,5.97
79,Launceston,AU,2022-02-11 18:06:03,-41.45,147.1667,55.8,66,100,10.36
80,Wenatchee,US,2022-02-11 18:06:04,47.4235,-120.3103,45.0,80,0,0.0
81,Bethlehem,BR,2022-02-11 18:04:10,-1.4558,-48.5044,82.44,83,75,13.8
82,Canon City,US,2022-02-11 18:06:04,38.441,-105.2424,52.02,53,0,15.01
83,San Matias,BO,2022-02-11 18:06:04,-16.3667,-58.4,87.35,64,69,4.9
84,Torbay,CA,2022-02-11 18:06:05,47.6666,-52.7314,43.75,80,98,7.0
85,Kosh-Agach,RU,2022-02-11 18:06:05,50.0,88.6667,-27.51,97,67,3.09
86,Nome,US,2022-02-11 18:06:05,64.5011,-165.4064,-3.93,54,0,11.5
87,Llata,PE,2022-02-11 18:06:06,-9.4167,-76.7833,57.43,80,100,4.61
88,Hermanus,ZA,2022-02-11 18:06:06,-34.4187,19.2345,69.8,85,1,4.59
89,Sao Filipe,CV,2022-02-11 18:06:06,14.8961,-24.4956,80.73,49,50,16.98
90,Carnarvon,AU,2022-02-11 18:06:07,-24.8667,113.6333,80.67,74,75,4.61
91,Bone,DE,2022-02-11 18:07:07,51.9669,12.1396,39.87,89,97,11.48
92,Puerto Ayora,EC,2022-02-11 18:07:07,-0.7393,-90.3518,82.36,85,57,5.99
93,Calamar,CO,2022-02-11 18:07:08,10.2511,-74.9146,89.55,27,38,7.23
94,Nortelandia,BR,2022-02-11 18:07:08,-14.4547,-56.8028,83.8,73,71,6.42
95,Xining,CN,2022-02-11 18:07:08,36.6167,101.7667,20.7,96,100,0.98
96,Vardo,NO,2022-02-11 18:07:09,70.3705,31.1107,30.18,93,40,19.57
97,La Crosse,US,2022-02-11 18:06:56,43.8014,-91.2396,35.51,84,100,18.41
98,Severo-Kurilsk,RU,2022-02-11 18:07:09,50.6789,156.125,23.0,86,97,4.14
99,Hilo,US,2022-02-11 18:07:09,19.7297,-155.09,73.62,81,75,6.91
100,Dayong,CN,2022-02-11 18:07:10,25.0209,118.2898,56.57,94,4,1.41
101,Ilulissat,GL,2022-02-11 18:07:10,69.2167,-51.1,21.22,79,75,2.3
102,Seoul,KR,2022-02-11 18:05:54,37.5683,126.9778,33.24,60,100,1.48
103,Constitucion,CL,2022-02-11 18:07:10,-35.3333,-72.4167,70.18,41,0,15.55
104,Husavik,IS,2022-02-11 18:07:11,66.0449,-17.3389,13.95,90,98,6.2
105,Semypolky,UA,2022-02-11 18:07:11,50.7167,30.9333,38.82,78,100,4.54
106,Oktyabrskiy,RU,2022-02-11 18:07:11,54.4815,53.471,20.21,95,98,7.36
107,Zheleznodorozhnyy,RU,2022-02-11 18:07:12,55.7503,38.0042,33.98,91,94,7.65
108,Veszprem,HU,2022-02-11 18:07:12,47.0933,17.9115,43.05,52,96,18.57
109,Kahului,US,2022-02-11 18:04:10,20.8947,-156.47,73.85,77,20,4.61
110,Pacific Grove,US,2022-02-11 18:05:29,36.6177,-121.9166,72.3,49,0,5.01
111,East London,ZA,2022-02-11 18:07:12,-33.0153,27.9116,74.95,81,94,6.42
112,Mogadishu,SO,2022-02-11 18:07:13,2.0371,45.3438,77.04,77,32,21.09
113,Esperance,AU,2022-02-11 18:07:13,-33.8667,121.9,73.24,78,98,4.68
114,Bodden Town,KY,2022-02-11 18:07:13,19.2833,-81.25,86.0,64,20,9.22
115,Rawson,AR,2022-02-11 18:07:14,-43.3002,-65.1023,69.53,29,0,13.87
116,Port Hedland,AU,2022-02-11 18:07:14,-20.3167,118.5667,84.25,84,40,4.61
117,Dale,US,2022-02-11 18:07:14,38.1689,-86.99,60.58,47,20,18.41
118,Goderich,CA,2022-02-11 18:06:51,43.7501,-81.7165,36.21,98,100,21.07
119,Shingu,JP,2022-02-11 18:07:15,33.7333,135.9833,36.91,65,28,6.46
120,Avarua,CK,2022-02-11 18:07:10,-21.2078,-159.775,73.45,100,20,1.14
121,Sehithwa,BW,2022-02-11 18:07:15,-20.4667,22.7167,74.88,62,73,4.29
122,Chifeng,CN,2022-02-11 18:07:16,42.2683,118.9636,18.63,38,91,7.81
123,Beringovskiy,RU,2022-02-11 18:07:16,63.05,179.3167,-28.19,96,72,9.78
124,Kaitangata,NZ,2022-02-11 18:07:16,-46.2817,169.8464,54.28,91,100,2.82
125,Salalah,OM,2022-02-11 18:07:16,17.0151,54.0924,75.29,64,20,2.3
126,Pontianak,ID,2022-02-11 18:07:17,-0.0333,109.3333,76.98,100,100,1.14
127,Kodiak,US,2022-02-11 18:07:17,57.79,-152.4072,36.91,93,100,3.44
128,Luderitz,NA,2022-02-11 18:07:17,-26.6481,15.1594,77.36,64,100,11.7
129,Ossora,RU,2022-02-11 18:07:18,59.2353,163.0719,-8.48,99,59,4.65
130,Rio Gallegos,AR,2022-02-11 18:07:18,-51.6226,-69.2181,60.85,48,75,32.21
131,Diebougou,BF,2022-02-11 18:07:18,10.9667,-3.25,91.51,7,18,6.4
132,Lata,PT,2022-02-11 18:07:19,40.1629,-8.3327,61.36,77,68,4.18
133,Guayaramerin,BO,2022-02-11 18:07:19,-10.8368,-65.3614,92.08,44,94,5.41
134,Cidreira,BR,2022-02-11 18:07:19,-30.1811,-50.2056,78.66,72,0,16.33
135,Akyab,MM,2022-02-11 18:07:20,20.15,92.9,69.37,64,3,12.59
136,Flin Flon,CA,2022-02-11 18:08:20,54.7682,-101.865,-15.39,76,10,3.6
137,Egvekinot,RU,2022-02-11 18:08:20,66.3167,-179.1667,-22.0,87,13,7.99
138,Bredasdorp,ZA,2022-02-11 18:08:21,-34.5322,20.0403,69.28,79,0,6.91
139,Concarneau,FR,2022-02-11 18:08:21,47.875,-3.9225,45.37,71,90,4.99
140,Inhambane,MZ,2022-02-11 18:08:21,-23.865,35.3833,78.78,78,20,4.61
141,Phan Thiet,VN,2022-02-11 18:08:22,10.9333,108.1,75.99,73,94,8.84
142,Cockburn Town,TC,2022-02-11 18:08:22,21.4612,-71.1419,78.01,79,0,17.76
143,Clarence Town,AU,2022-02-11 18:08:22,-32.5833,151.7833,72.86,89,66,4.65
144,Saint-Philippe,RE,2022-02-11 18:08:23,-21.3585,55.7679,78.39,77,42,8.05
145,Miyako,JP,2022-02-11 18:08:23,39.6367,141.9525,30.47,81,96,3.49
146,Vostok,RU,2022-02-11 18:08:23,46.4856,135.8833,15.12,97,100,2.98
147,Alexandria,EG,2022-02-11 18:08:24,31.2156,29.9553,56.08,65,0,6.73
148,Evensk,RU,2022-02-11 18:08:24,61.95,159.2333,-13.09,74,52,6.13
149,Qui Nhon,VN,2022-02-11 18:08:24,13.7667,109.2333,73.02,88,94,6.49
150,Mercedes,AR,2022-02-11 18:08:25,-34.6515,-59.4307,77.65,70,84,24.14
151,Iberia,US,2022-02-11 18:08:25,29.9502,-91.7507,70.97,37,0,6.91
152,Gamba,GA,2022-02-11 18:08:25,-2.65,10.0,78.28,86,78,7.65
153,Yellowknife,CA,2022-02-11 18:08:26,62.456,-114.3525,-11.58,93,84,4.65
154,Pedasi,PA,2022-02-11 18:08:26,7.5333,-80.0333,82.8,70,62,13.65
155,Saint George,US,2022-02-11 18:07:53,37.1041,-113.5841,64.35,39,0,1.99
156,Zlobin,HR,2022-02-11 18:08:26,45.2924,14.6541,42.15,85,75,3.44
157,Itarema,BR,2022-02-11 18:08:27,-2.9248,-39.9167,85.6,61,73,15.39
158,Am Timan,TD,2022-02-11 18:08:27,11.0297,20.2827,82.63,11,0,4.52
159,Nikolskoye,RU,2022-02-11 18:08:27,59.7035,30.7861,28.8,90,91,8.79
160,Algiers,DZ,2022-02-11 18:05:21,36.7525,3.042,55.22,77,40,6.91
161,Tiksi,RU,2022-02-11 18:08:27,71.6872,128.8694,-13.77,94,94,14.27
162,Wasilla,US,2022-02-11 18:08:28,61.5814,-149.4394,21.76,85,100,6.91
163,Sangar,RU,2022-02-11 18:08:28,63.9242,127.4739,-36.98,100,78,1.7
164,Amapa,BR,2022-02-11 18:08:28,1.0,-52.0,84.2,66,99,3.24
165,Maningrida,AU,2022-02-11 18:08:29,-12.0667,134.2667,79.66,81,45,5.59
166,Pisco,PE,2022-02-11 18:05:00,-13.7,-76.2167,78.85,57,0,16.11
167,Ust-Ishim,RU,2022-02-11 18:08:29,57.6935,71.1665,-4.67,93,6,8.9
168,Nemuro,JP,2022-02-11 18:08:29,43.3236,145.575,23.0,77,89,8.63
169,San Patricio,US,2022-02-11 18:08:30,28.017,-97.5169,75.61,45,0,6.76
170,Talnakh,RU,2022-02-11 18:08:30,69.4865,88.3972,-11.18,89,99,10.07
171,Bethel,US,2022-02-11 18:08:30,41.3712,-73.414,55.72,41,0,18.41
172,New Norfolk,AU,2022-02-11 18:08:31,-42.7826,147.0587,50.72,65,1,2.26
173,General Roca,AR,2022-02-11 18:08:31,-39.0333,-67.5833,76.1,15,0,8.63
174,Gizo,SB,2022-02-11 18:08:31,-8.103,156.8419,79.86,81,100,7.34
175,Ulladulla,AU,2022-02-11 18:08:32,-35.35,150.4667,64.09,87,54,10.42
176,Barrow,US,2022-02-11 18:05:02,71.2906,-156.7887,-34.58,100,0,6.91
177,Estevan,CA,2022-02-11 18:08:32,49.1334,-102.9842,1.74,69,80,9.78
178,Katobu,ID,2022-02-11 18:08:32,-4.9408,122.5276,75.51,91,100,2.26
179,Pevek,RU,2022-02-11 18:08:32,69.7008,170.3133,-26.07,98,100,6.91
180,San Vicente,AR,2022-02-11 18:08:33,-26.6167,-54.1333,90.99,26,37,2.15
181,Sassandra,CI,2022-02-11 18:09:33,4.95,-6.0833,82.49,74,25,8.79
182,Bluefield,US,2022-02-11 18:09:33,37.2698,-81.2223,60.94,33,0,26.46
183,Neuquen,AR,2022-02-11 18:05:29,-38.9516,-68.0591,76.59,14,0,9.73
184,Buala,SB,2022-02-11 18:09:34,-8.145,159.5921,75.92,96,100,4.68
185,Nhulunbuy,AU,2022-02-11 18:09:34,-12.2333,136.7667,79.41,89,79,6.91
186,Vilhena,BR,2022-02-11 18:05:13,-12.7406,-60.1458,78.21,87,95,5.59
187,Te Anau,NZ,2022-02-11 18:09:34,-45.4167,167.7167,54.54,90,87,2.04
188,Veraval,IN,2022-02-11 18:09:35,20.9,70.3667,72.57,43,1,7.45
189,Finschhafen,PG,2022-02-11 18:09:35,-6.6024,147.8681,78.82,82,99,4.81
190,Henties Bay,NA,2022-02-11 18:09:35,-22.116,14.2845,71.85,83,63,1.72
191,Louga,RU,2022-02-11 18:09:36,58.7372,29.8453,29.23,89,100,8.7
192,Sovetskiy,RU,2022-02-11 18:09:36,61.3614,63.5842,4.03,84,100,12.39
193,Svetlogorsk,BY,2022-02-11 18:09:36,52.6333,29.7333,30.6,90,91,4.79
194,Coihaique,CL,2022-02-11 18:09:02,-45.5752,-72.0662,65.01,42,0,5.75
195,Mbigou,GA,2022-02-11 18:09:37,-1.9005,11.906,70.65,90,96,1.57
196,Gouyave,GD,2022-02-11 18:09:37,12.1646,-61.7296,77.7,73,46,22.37
197,Bairiki,KI,2022-02-11 18:09:37,1.3292,172.9752,80.6,78,40,11.5
198,Boende,CD,2022-02-11 18:09:37,-0.2167,20.8667,82.29,46,97,1.99
199,Barranca,PE,2022-02-11 18:09:38,-10.75,-77.7667,75.04,67,41,12.44
200,La Ronge,CA,2022-02-11 18:09:38,55.1001,-105.2842,-16.53,92,93,1.39
201,Iroquois Falls,CA,2022-02-11 18:09:38,48.7669,-80.6831,21.34,93,100,7.4
202,Gorontalo,ID,2022-02-11 18:09:39,0.5412,123.0595,74.28,96,85,3.47
203,Salamiyah,SY,2022-02-11 18:09:39,35.0113,37.0532,47.8,66,4,1.72
204,Uyuni,BO,2022-02-11 18:09:39,-20.4597,-66.825,62.98,18,7,13.18
205,Nizhniy Baskunchak,RU,2022-02-11 18:09:40,48.2198,46.8311,33.96,91,84,10.6
206,Campechuela,CU,2022-02-11 18:09:40,20.2342,-77.2789,85.48,54,6,10.07
207,Tautira,PF,2022-02-11 18:09:40,-17.7333,-149.15,84.22,75,24,16.35
208,Qasigiannguit,GL,2022-02-11 18:06:14,68.8193,-51.1922,21.45,78,100,6.4
209,Cabo San Lucas,MX,2022-02-11 18:09:41,22.8909,-109.9124,76.6,50,0,9.22
210,Balabac,PH,2022-02-11 18:09:41,7.9868,117.0645,80.8,82,96,15.17
211,Arraial Do Cabo,BR,2022-02-11 18:09:41,-22.9661,-42.0278,76.86,83,75,3.44
212,Fallon,US,2022-02-11 18:09:42,39.4735,-118.7774,55.92,52,0,0.0
213,Grand-Lahou,CI,2022-02-11 18:09:42,5.1367,-5.0242,82.36,77,17,9.35
214,Iqaluit,CA,2022-02-11 18:09:42,63.7506,-68.5145,-0.31,77,100,0.0
215,Souillac,MU,2022-02-11 18:09:42,-20.5167,57.5167,79.18,83,20,1.14
216,Sakhnovshchyna,UA,2022-02-11 18:09:43,49.1517,35.872,34.59,97,97,6.96
217,Vanavara,RU,2022-02-11 18:09:43,60.34,102.2797,-22.72,100,30,1.07
218,Cherskiy,RU,2022-02-11 18:09:43,68.75,161.3,-37.17,100,71,6.08
219,Sembe,CG,2022-02-11 18:09:44,1.6481,14.5806,82.18,24,43,2.66
220,Airai,TL,2022-02-11 18:09:44,-8.9266,125.4092,60.96,94,98,0.58
221,Lavrentiya,RU,2022-02-11 18:09:44,65.5833,-171.0,-26.7,94,32,6.53
222,Stornoway,GB,2022-02-11 18:09:45,58.2093,-6.3865,42.93,83,75,35.68
223,Praia Da Vitoria,PT,2022-02-11 18:09:45,38.7333,-27.0667,61.75,77,63,6.17
224,Zhanaozen,KZ,2022-02-11 18:09:45,43.3,52.8,37.47,69,100,9.1
225,Umm Lajj,SA,2022-02-11 18:09:46,25.0213,37.2685,67.03,49,0,18.61
226,College,US,2022-02-11 18:09:46,64.8569,-147.8028,-1.77,75,100,8.05
227,Saint-Pierre,RE,2022-02-11 18:09:46,-21.3393,55.4781,78.48,78,0,3.44
228,Madimba,TZ,2022-02-11 18:10:46,-10.4,40.3333,77.43,86,100,0.78
229,Sitka,US,2022-02-11 18:10:47,57.0531,-135.33,39.09,81,100,10.36
230,Dudinka,RU,2022-02-11 18:10:47,69.4058,86.1778,-8.14,86,99,16.75
231,Brusyliv,UA,2022-02-11 18:10:47,50.2845,29.5263,39.22,94,100,1.1
232,Beba,CU,2022-02-11 18:10:48,22.4437,-79.7253,80.87,60,74,9.71
233,Faanui,PF,2022-02-11 18:10:48,-16.4833,-151.75,80.62,75,27,13.38
234,Saskylakh,RU,2022-02-11 18:10:48,71.9167,114.0833,2.19,90,98,12.3
235,Nanortalik,GL,2022-02-11 18:10:49,60.1432,-45.2371,30.61,80,100,4.36
236,Victoria,HK,2022-02-11 18:07:09,22.2855,114.1577,68.95,89,42,1.01
237,Chokurdakh,RU,2022-02-11 18:10:49,70.6333,147.9167,-6.72,97,100,12.17
238,Balakhta,RU,2022-02-11 18:10:49,55.38,91.6,-21.71,100,35,1.28
239,Abha,SA,2022-02-11 18:10:50,18.2164,42.5053,57.45,77,0,11.5
240,Qeshm,IR,2022-02-11 18:10:50,26.9581,56.2719,66.07,58,0,7.29
241,Moose Factory,CA,2022-02-11 18:10:50,51.2585,-80.6094,1.38,78,100,13.8
242,Sept-Iles,CA,2022-02-11 18:10:51,50.2001,-66.3821,18.05,64,16,4.0
243,Upernavik,GL,2022-02-11 18:10:51,72.7868,-56.1549,-15.84,80,100,14.34
244,Gusinoye Ozero,RU,2022-02-11 18:10:51,51.1144,106.2614,-18.06,97,58,2.21
245,Vokhtoga,RU,2022-02-11 18:10:52,58.8147,41.0461,28.15,91,96,7.83
246,Namibe,AO,2022-02-11 18:10:52,-15.1961,12.1522,76.39,80,66,7.2
247,Trairi,BR,2022-02-11 18:10:52,-3.2778,-39.2689,84.92,65,13,11.36
248,Awbari,LY,2022-02-11 18:10:53,26.5921,12.7805,54.72,31,0,8.21
249,Aripuana,BR,2022-02-11 18:10:53,-9.1667,-60.6333,79.23,91,100,3.11
250,Huarmey,PE,2022-02-11 18:10:53,-10.0681,-78.1522,76.44,70,57,12.17
251,Leningradskiy,RU,2022-02-11 18:10:53,69.3833,178.4167,-18.17,97,99,4.65
252,Yangshan,CN,2022-02-11 18:10:54,28.7615,115.0287,40.12,97,100,0.6
253,Broome,US,2022-02-11 18:10:54,42.2506,-75.833,50.16,45,0,13.8
254,Capreol,CA,2022-02-11 18:10:54,46.706,-80.9225,31.55,92,100,13.8
255,Lewistown,US,2022-02-11 18:10:55,40.5992,-77.5714,56.8,70,0,0.0
256,Paamiut,GL,2022-02-11 18:10:55,61.994,-49.6678,30.87,85,100,18.48
257,Basco,PH,2022-02-11 18:10:55,20.4487,121.9702,75.97,78,47,18.61
258,Port Elizabeth,ZA,2022-02-11 18:06:39,-33.918,25.5701,67.66,78,0,2.86
259,Bayan,CN,2022-02-11 18:10:56,46.0833,127.4,4.66,96,100,9.55
260,Mezen,RU,2022-02-11 18:10:56,65.8522,44.24,19.08,96,100,5.84
261,Mo I Rana,NO,2022-02-11 18:10:56,66.3128,14.1428,23.47,93,75,3.44
262,Cabedelo,BR,2022-02-11 18:10:49,-6.9811,-34.8339,88.47,63,59,11.34
263,Vydrino,RU,2022-02-11 18:10:57,51.485,104.8461,-7.91,94,70,4.32
264,Dondo,MZ,2022-02-11 18:10:57,-19.6094,34.7431,80.11,79,8,6.4
265,Broken Hill,AU,2022-02-11 18:10:57,-31.95,141.4333,65.26,39,0,14.72
266,Ust-Kan,RU,2022-02-11 18:10:58,50.9276,84.761,-14.42,92,12,3.76
267,Mackay,AU,2022-02-11 18:10:58,-21.15,149.2,70.68,72,8,7.2
268,Bayanday,RU,2022-02-11 18:10:58,53.0661,105.5139,-29.9,100,41,3.44
269,Holt,US,2022-02-11 18:10:58,42.6406,-84.5153,37.6,92,100,17.27
270,Nalobikha,RU,2022-02-11 18:10:59,53.2006,84.6039,-15.21,100,44,4.23
271,Vaxjo,SE,2022-02-11 18:10:59,56.8777,14.8091,30.79,58,1,4.61
272,Elizabeth City,US,2022-02-11 18:09:33,36.2946,-76.2511,67.05,30,0,9.22
273,Santa Rosa,PH,2022-02-11 18:11:00,14.3122,121.1114,78.12,75,71,9.55
274,Sokolo,ML,2022-02-11 18:11:00,14.7328,-6.1219,83.68,9,0,10.33
275,Hamilton,US,2022-02-11 18:11:00,39.1834,-84.5333,56.41,48,100,13.8
276,Atambua,ID,2022-02-11 18:12:00,-9.1061,124.8925,73.33,92,100,3.38
277,Almaznyy,RU,2022-02-11 18:12:01,48.0448,40.045,39.34,92,86,18.23
278,Samarai,PG,2022-02-11 18:12:01,-10.6167,150.6667,80.98,64,88,14.65
279,San Bartolome De Tirajana,ES,2022-02-11 18:12:01,27.9248,-15.5733,63.07,58,0,8.05
280,Ixtapa,MX,2022-02-11 18:07:42,20.7,-105.2,76.23,41,0,4.61
281,Carutapera,BR,2022-02-11 18:12:02,-1.195,-46.02,84.79,65,64,7.81
282,Srednekolymsk,RU,2022-02-11 18:12:02,67.45,153.6833,-38.11,100,37,5.48
283,Madison Heights,US,2022-02-11 18:12:02,42.4859,-83.1052,39.2,89,100,14.97
284,Merauke,ID,2022-02-11 18:12:03,-8.4667,140.3333,75.7,88,49,1.86
285,Palu,ID,2022-02-11 18:12:03,-0.8917,119.8707,75.72,97,100,0.72
286,Keetmanshoop,NA,2022-02-11 18:12:03,-26.5833,18.1333,86.92,33,86,6.53
287,Idanre,NG,2022-02-11 18:12:04,7.1127,5.1159,84.58,33,16,3.94
288,Zhangye,CN,2022-02-11 18:12:04,38.9342,100.4517,23.68,68,97,8.61
289,Sudak,UA,2022-02-11 18:12:04,44.85,34.9667,42.94,78,9,13.24
290,Inayawan,PH,2022-02-11 18:12:05,10.2714,123.8612,76.62,91,93,5.14
291,Katsuura,JP,2022-02-11 18:12:05,35.1333,140.3,39.31,70,18,13.4
292,Piacabucu,BR,2022-02-11 18:12:05,-10.4056,-36.4344,86.83,55,15,15.48
293,Salinopolis,BR,2022-02-11 18:12:05,-0.6136,-47.3561,80.67,84,95,9.35
294,Sioux Lookout,CA,2022-02-11 18:12:06,50.1001,-91.917,-3.62,65,75,10.36
295,Kokkola,FI,2022-02-11 18:12:06,63.8385,23.1307,20.93,93,0,5.75
296,Kirovskiy,RU,2022-02-11 18:12:06,45.0917,133.5136,17.22,96,100,4.9
297,Pacifica,US,2022-02-11 18:12:07,37.6138,-122.4869,71.11,60,20,5.75
298,Tangzhai,CN,2022-02-11 18:12:07,34.4328,116.5911,37.99,69,75,6.24
299,Kushiro,JP,2022-02-11 18:12:07,42.975,144.3747,16.66,93,80,4.21
300,Tura,IN,2022-02-11 18:12:08,25.5198,90.2201,55.31,66,40,1.7
301,Areosa,PT,2022-02-11 18:12:08,41.7178,-8.8571,61.25,84,95,5.86
302,Khandyga,RU,2022-02-11 18:12:08,62.6667,135.6,-42.27,100,71,0.92
303,Hay River,CA,2022-02-11 18:12:09,60.8156,-115.7999,-7.62,77,75,3.44
304,Kyabe,TD,2022-02-11 18:12:09,9.4515,18.9449,83.91,11,0,5.3
305,Bozeman,US,2022-02-11 18:11:55,45.6796,-111.0386,30.2,77,100,16.11
306,Lovozero,RU,2022-02-11 18:12:09,68.005,35.0117,7.27,98,72,4.05
307,Grindavik,IS,2022-02-11 18:12:10,63.8424,-22.4338,30.67,64,75,17.27
308,Savannah Bight,HN,2022-02-11 18:12:10,16.45,-85.85,78.01,75,8,1.68
309,Jalu,LY,2022-02-11 18:12:10,29.0331,21.5482,56.28,47,0,6.87
310,Kot Diji,PK,2022-02-11 18:12:11,27.3427,68.7083,60.82,20,0,7.38
311,Cubara,CO,2022-02-11 18:12:11,7.0008,-72.1085,76.37,79,96,0.04
312,Murray Bridge,AU,2022-02-11 18:12:11,-35.1167,139.2667,64.69,59,6,5.3
313,Bundaberg,AU,2022-02-11 18:12:11,-24.85,152.35,68.29,84,1,6.91
314,Pyapon,MM,2022-02-11 18:12:12,16.2833,95.6833,69.17,59,51,7.47
315,Amalapuram,IN,2022-02-11 18:12:12,16.5833,82.0167,70.68,82,6,3.47
316,Pangnirtung,CA,2022-02-11 18:12:12,66.1451,-65.7125,5.0,51,100,8.05
317,Vanimo,PG,2022-02-11 18:12:13,-2.6741,141.3028,76.62,89,100,4.81
318,Sayyan,YE,2022-02-11 18:12:13,15.1718,44.3244,58.24,42,10,1.23
319,Detva,SK,2022-02-11 18:12:13,48.5608,19.4195,40.55,84,100,8.34
320,Black River,JM,2022-02-11 18:12:14,18.0264,-77.8487,82.4,68,24,9.75
321,Umea,SE,2022-02-11 18:12:14,63.8284,20.2597,21.13,79,0,8.05
322,Tambura,SS,2022-02-11 18:13:14,5.6,27.4667,81.68,23,75,5.26
323,Kruisfontein,ZA,2022-02-11 18:13:15,-34.0033,24.7314,65.43,74,0,3.24
324,Bhainsdehi,IN,2022-02-11 18:13:15,21.6467,77.6325,55.58,29,3,2.24
325,Sorland,NO,2022-02-11 18:13:15,67.667,12.6934,30.06,49,98,16.06
326,Kachug,RU,2022-02-11 18:13:15,53.9606,105.8817,-28.61,100,77,1.1
327,Nichinan,JP,2022-02-11 18:09:14,31.6,131.3667,46.76,70,92,7.07
328,Krasnoselkup,RU,2022-02-11 18:13:16,65.7,82.4667,-16.71,95,47,7.02
329,Tha Chang,TH,2022-02-11 18:13:16,9.2642,99.1922,75.43,87,100,3.22
330,Guerrero Negro,MX,2022-02-11 18:13:17,27.9769,-114.0611,71.53,25,0,4.21
331,Pemangkat,ID,2022-02-11 18:13:17,1.1667,108.9667,76.1,90,100,4.52
332,Coquimbo,CL,2022-02-11 18:13:17,-29.9533,-71.3436,69.03,71,40,8.3
333,Kuusamo,FI,2022-02-11 18:13:18,65.9667,29.1833,15.84,92,75,5.75
334,Corumba,BR,2022-02-11 18:13:18,-19.0092,-57.6533,94.71,58,75,11.5
335,Alice,US,2022-02-11 18:13:18,27.7523,-98.0697,75.09,38,40,13.8
336,Skjervoy,NO,2022-02-11 18:12:35,70.0311,20.9714,26.78,53,99,21.39
337,Kavieng,PG,2022-02-11 18:13:19,-2.5744,150.7967,81.48,78,98,8.08
338,Norman Wells,CA,2022-02-11 18:13:19,65.282,-126.8329,-18.36,69,20,3.44
339,Arman,RU,2022-02-11 18:13:19,59.7,150.1667,-6.63,80,93,6.76
340,Midyat,TR,2022-02-11 18:13:19,37.4247,41.3393,38.48,77,12,8.88
341,Bubaque,GW,2022-02-11 18:13:20,11.2833,-15.8333,79.77,63,29,14.83
342,Olinda,BR,2022-02-11 18:13:20,-8.0089,-34.8553,85.73,66,40,12.66
343,Hualmay,PE,2022-02-11 18:13:20,-11.0964,-77.6139,75.79,68,65,12.08
344,Tubuala,PA,2022-02-11 18:13:21,9.5167,-79.0333,91.33,71,22,14.58
345,Makakilo City,US,2022-02-11 18:13:21,21.3469,-158.0858,70.2,83,0,4.61
346,Chuy,UY,2022-02-11 18:13:21,-33.6971,-53.4616,83.21,57,1,13.6
347,Saldanha,ZA,2022-02-11 18:13:21,-33.0117,17.9442,65.61,90,7,19.22
348,Carmen,MX,2022-02-11 18:10:09,18.6333,-91.8333,80.64,65,0,10.36
349,Atagay,RU,2022-02-11 18:13:22,55.1033,99.3875,-19.64,100,14,3.33
350,Dandong,CN,2022-02-11 18:13:22,40.1292,124.3947,27.91,52,100,9.26
351,Kassala,SD,2022-02-11 18:13:22,15.451,36.4,78.8,49,9,16.55
352,Isangel,VU,2022-02-11 18:13:23,-19.55,169.2667,80.71,83,75,2.3
353,Honningsvag,NO,2022-02-11 18:13:23,70.9821,25.9704,29.95,86,100,17.27
354,Chapulhuacan,MX,2022-02-11 18:13:24,21.1667,-98.9,70.07,47,16,5.73
355,Marzuq,YE,2022-02-11 18:13:24,14.4,46.4667,62.33,70,2,6.4
356,Riyadh,SA,2022-02-11 18:10:44,24.6877,46.7219,66.34,30,0,11.21
357,Aklavik,CA,2022-02-11 18:13:24,68.2191,-135.0107,-22.97,75,20,2.3
358,Alofi,NU,2022-02-11 18:13:25,-19.0595,-169.9187,76.89,94,7,4.61
359,Kandrian,PG,2022-02-11 18:13:25,-6.2167,149.55,76.48,88,100,5.21
360,Nanakuli,US,2022-02-11 18:13:25,21.3906,-158.1547,71.62,79,0,4.61
361,Eyl,SO,2022-02-11 18:13:26,7.9803,49.8164,75.24,64,6,20.94
362,Tazovskiy,RU,2022-02-11 18:13:26,67.4667,78.7,-3.89,80,95,14.18
363,Hailar,CN,2022-02-11 18:13:26,49.2,119.7,-13.86,100,98,4.34
364,Poum,NC,2022-02-11 18:13:26,-20.2333,164.0167,80.37,80,100,9.24
365,Umm Kaddadah,SD,2022-02-11 18:14:27,13.6017,26.6876,62.85,15,0,12.84
366,Lambari,BR,2022-02-11 18:14:27,-21.9756,-45.3503,73.44,83,89,4.09
367,Laguna,US,2022-02-11 18:14:28,38.421,-121.4238,71.96,70,0,4.61
368,Ocu,JP,2022-02-11 18:14:28,35.0044,135.8683,38.5,85,11,2.04
369,Dois Vizinhos,BR,2022-02-11 18:14:28,-25.7336,-53.0572,92.32,26,18,2.91
370,Amazar,RU,2022-02-11 18:14:28,53.858,120.875,-15.36,96,84,3.85
371,Fortuna,US,2022-02-11 18:14:29,40.5982,-124.1573,61.14,69,0,0.0
372,Luau,AO,2022-02-11 18:14:29,-10.7073,22.2247,64.89,96,100,2.59
373,Hereford,GB,2022-02-11 18:14:29,52.0568,-2.7148,44.02,78,100,1.01
374,Moerai,PF,2022-02-11 18:14:30,-22.4333,-151.3333,79.12,72,95,6.64
375,Koidu,SL,2022-02-11 18:14:30,8.4167,-10.8333,93.97,13,4,1.66
376,Bowen,AU,2022-02-11 18:14:30,-20.0167,148.2333,74.95,78,3,7.67
377,Simao,CN,2022-02-11 18:14:31,22.7886,100.9748,50.0,52,0,1.45
378,Sola,VU,2022-02-11 18:14:31,-13.8833,167.55,81.48,77,95,17.34
379,Ormara,PK,2022-02-11 18:14:31,25.2088,64.6357,71.19,55,0,8.12
380,Marawi,PH,2022-02-11 18:14:31,7.9986,124.2928,66.65,95,76,0.85
381,Utica,US,2022-02-11 18:12:03,43.1009,-75.2327,48.9,83,88,13.65
382,Tabou,CI,2022-02-11 18:14:32,4.423,-7.3528,81.7,77,59,5.7
383,Wanaka,NZ,2022-02-11 18:13:38,-44.7,169.15,58.1,84,98,1.01
384,Necochea,AR,2022-02-11 18:14:22,-38.5473,-58.7368,65.03,59,100,15.9
385,Luwuk,ID,2022-02-11 18:14:33,-0.9516,122.7875,76.59,85,96,3.8
386,Blackpool,GB,2022-02-11 18:14:33,53.8167,-3.05,43.9,75,20,12.66
387,Katangli,RU,2022-02-11 18:14:33,51.7102,143.2326,15.46,98,100,4.0
388,Yanam,IN,2022-02-11 18:14:34,16.7333,82.2167,71.29,81,6,3.67
389,Aykhal,RU,2022-02-11 18:14:34,66.0,111.5,-7.4,100,99,5.35
390,Jining,CN,2022-02-11 18:14:34,35.405,116.5814,38.19,57,61,6.17
391,Semirom,IR,2022-02-11 18:14:34,31.4167,51.5667,33.49,97,77,4.07
392,Selma,US,2022-02-11 18:14:35,36.5708,-119.6121,67.17,55,0,4.7
393,Vallenar,CL,2022-02-11 18:14:35,-28.5708,-70.7581,84.43,25,0,9.8
394,Avera,US,2022-02-11 18:14:35,33.194,-82.5271,70.48,37,84,9.42
395,Maniitsoq,GL,2022-02-11 18:14:36,65.4167,-52.9,27.39,96,100,20.02
396,Vila,PT,2022-02-11 18:14:36,42.0304,-8.1588,49.75,77,99,2.46
397,Khuzdar,PK,2022-02-11 18:14:36,27.7384,66.6434,57.0,21,0,4.7
398,Seydi,TM,2022-02-11 18:14:37,39.4816,62.9137,47.05,61,100,13.49
399,Sambava,MG,2022-02-11 18:14:37,-14.2667,50.1667,77.63,85,17,7.14
400,Lagoa,PT,2022-02-11 18:14:37,39.05,-27.9833,59.61,77,61,13.6
401,Zyryanka,RU,2022-02-11 18:14:37,65.75,150.85,-37.53,99,38,5.93
402,Angoram,PG,2022-02-11 18:14:38,-4.0625,144.0661,73.15,99,100,1.83
403,Cairns,AU,2022-02-11 18:14:38,-16.9167,145.7667,73.35,93,30,2.3
404,Sao Felix Do Xingu,BR,2022-02-11 18:14:38,-6.6447,-51.995,76.86,87,100,2.19
405,Trincomalee,LK,2022-02-11 18:14:39,8.5711,81.2335,79.02,84,100,11.36
406,Santa Maria Del Oro,MX,2022-02-11 18:14:39,25.9333,-105.3667,59.05,20,0,3.96
407,Mubi,NG,2022-02-11 18:14:39,10.2676,13.2644,77.07,10,7,4.7
408,Lieksa,FI,2022-02-11 18:14:39,63.3167,30.0167,22.51,86,100,10.67
409,Manresa,ES,2022-02-11 18:14:40,41.725,1.8266,57.54,69,5,3.91
410,Shakawe,BW,2022-02-11 18:15:40,-18.3667,21.85,68.77,78,99,3.67
411,Kaeo,NZ,2022-02-11 18:15:40,-35.1,173.7833,75.33,98,100,11.32
412,Nuuk,GL,2022-02-11 18:13:24,64.1835,-51.7216,30.81,93,100,43.73
413,Cayenne,GF,2022-02-11 18:11:48,4.9333,-52.3333,80.64,90,75,9.22
414,Sibu,MY,2022-02-11 18:15:41,2.3,111.8167,72.91,99,100,2.17
415,Zhigansk,RU,2022-02-11 18:15:41,66.7697,123.3711,-28.61,100,93,5.53
416,Vestmanna,FO,2022-02-11 18:15:41,62.1564,-7.1664,38.32,81,75,10.36
417,Sonthofen,DE,2022-02-11 18:15:42,47.5167,10.2833,35.04,93,45,5.06
418,Dikson,RU,2022-02-11 18:15:43,73.5069,80.5464,3.92,85,100,28.03
419,Fairbanks,US,2022-02-11 18:12:58,64.8378,-147.7164,-1.75,75,100,8.05
420,Ahipara,NZ,2022-02-11 18:15:43,-35.1667,173.1667,74.8,94,99,12.75
421,Tourlaville,FR,2022-02-11 18:15:43,49.6383,-1.5664,45.66,81,0,3.44
422,Menomonie,US,2022-02-11 18:15:44,44.8755,-91.9193,30.24,69,100,18.41
423,Temiscaming,CA,2022-02-11 18:15:44,46.7212,-79.0971,33.67,86,100,9.22
424,Tulun,RU,2022-02-11 18:15:44,54.5611,100.5792,-28.14,100,42,1.66
425,Belmonte,BR,2022-02-11 18:15:45,-15.8631,-38.8828,84.7,63,11,9.53
426,Maragogi,BR,2022-02-11 18:15:45,-9.0122,-35.2225,86.13,58,92,15.3
427,Mount Isa,AU,2022-02-11 18:14:08,-20.7333,139.5,83.97,34,40,9.22
428,Katubao,PH,2022-02-11 18:15:45,5.8892,124.8294,79.29,79,67,4.54
429,Isiro,CD,2022-02-11 18:15:46,2.7739,27.616,78.6,33,100,0.85
430,Karasjok,NO,2022-02-11 18:15:46,69.4719,25.5112,24.91,90,92,9.64
431,Vila Franca Do Campo,PT,2022-02-11 18:15:46,37.7167,-25.4333,59.41,67,88,3.13
432,Xinzhi,CN,2022-02-11 18:15:47,36.4989,111.7047,35.6,60,54,1.92
433,Patos,BR,2022-02-11 18:15:47,-7.0244,-37.28,97.34,26,37,6.4
434,Pitsunda,GE,2022-02-11 18:15:47,43.1592,40.3378,37.58,74,28,6.89
435,Oyama,JP,2022-02-11 18:15:48,36.3,139.8,41.59,59,6,2.77
436,Tucuma,BR,2022-02-11 18:15:19,-0.1833,-50.05,81.82,79,100,6.6
437,Klaksvik,FO,2022-02-11 18:13:37,62.2266,-6.589,40.12,73,100,9.51
438,Kerchevskiy,RU,2022-02-11 18:15:48,59.946,56.2884,13.41,94,100,9.4
439,Imeni Poliny Osipenko,RU,2022-02-11 18:15:48,52.4201,136.4853,5.77,96,100,5.55
440,Ugoofaaru,MV,2022-02-11 18:15:49,5.6667,73.0,81.52,73,57,5.68
441,Yaan,NG,2022-02-11 18:15:49,7.3833,8.5667,89.87,8,7,4.72
442,Nanzhang,CN,2022-02-11 18:15:49,31.7765,111.8386,38.35,81,11,4.27
443,Megion,RU,2022-02-11 18:15:50,61.0296,76.1136,-3.98,92,10,8.81
444,Puerto Escondido,MX,2022-02-11 18:15:50,15.85,-97.0667,86.83,70,0,5.75
445,Borogontsy,RU,2022-02-11 18:15:50,62.6683,131.1683,-37.12,100,92,1.74
446,Benjamin Aceval,PY,2022-02-11 18:15:51,-24.9667,-57.5667,96.94,26,8,5.57
447,Kaka,TM,2022-02-11 18:14:57,37.3482,59.6143,49.3,69,100,6.4
448,Kodinsk,RU,2022-02-11 18:15:51,58.6881,99.1844,-20.81,100,67,0.96
449,Gallup,US,2022-02-11 18:15:35,35.5281,-108.7426,54.36,36,0,4.61
450,Opuwo,NA,2022-02-11 18:15:51,-18.0607,13.84,75.92,64,100,6.85
451,Athabasca,CA,2022-02-11 18:15:06,54.7169,-113.2854,13.69,73,68,9.55
452,Lodwar,KE,2022-02-11 18:15:52,3.1191,35.5973,90.0,26,84,7.67
453,Grand Gaube,MU,2022-02-11 18:15:52,-20.0064,57.6608,79.2,78,97,1.99
454,Sao Gabriel Da Cachoeira,BR,2022-02-11 18:15:53,-0.1303,-67.0892,76.8,94,100,10.36
455,Galveston,US,2022-02-11 18:15:53,29.3669,-94.9669,73.13,55,0,6.91
456,Severnyy-Kospashskiy,RU,2022-02-11 18:16:53,59.0925,57.8008,9.61,68,100,10.07
457,Nuristan,AF,2022-02-11 18:16:53,35.3,70.8333,10.98,48,25,13.49
458,Glendive,US,2022-02-11 18:16:54,47.1053,-104.7125,20.48,72,100,20.71
459,Kenitra,MA,2022-02-11 18:16:54,34.261,-6.5802,61.56,81,33,9.78
460,Vao,NC,2022-02-11 18:16:55,-22.6667,167.4833,80.42,83,100,18.84
461,Vila Velha,BR,2022-02-11 18:16:55,-20.3297,-40.2925,76.95,86,75,13.8
462,Yeppoon,AU,2022-02-11 18:16:55,-23.1333,150.7333,71.38,74,15,13.71
463,Ontario,US,2022-02-11 18:15:42,34.0633,-117.6509,82.63,23,0,4.61
464,Ust-Uda,RU,2022-02-11 18:16:56,54.1742,103.0304,-28.48,100,29,1.74
465,Pasighat,IN,2022-02-11 18:16:56,28.0667,95.3333,54.55,85,39,3.76
466,Diamantino,BR,2022-02-11 18:16:10,-14.4086,-56.4461,81.64,77,85,8.46
467,Aizawl,IN,2022-02-11 18:16:57,23.7333,92.7167,44.96,78,0,2.26
468,Vad,RU,2022-02-11 18:16:57,55.5301,44.2114,25.74,95,100,6.42
469,Chara,RU,2022-02-11 18:16:57,56.9064,118.2631,-26.86,86,73,1.32
470,Denpasar,ID,2022-02-11 18:12:03,-8.65,115.2167,78.46,94,40,2.3
471,Clyde River,CA,2022-02-11 18:16:58,70.4692,-68.5914,-16.37,76,100,31.07
472,Tsogni,GA,2022-02-11 18:16:58,-2.7942,10.0988,77.5,87,80,6.42
473,Karratha,AU,2022-02-11 18:16:59,-20.7377,116.8463,84.97,71,4,3.27
474,Korcula,HR,2022-02-11 18:16:59,42.9622,17.1369,50.56,75,16,5.32
475,Nishihara,JP,2022-02-11 18:16:59,26.1842,127.7558,65.48,77,100,10.36
476,Ghanzi,BW,2022-02-11 18:17:00,-21.5667,21.7833,70.86,70,80,7.85
477,Kawalu,ID,2022-02-11 18:17:00,-7.3817,108.2082,73.4,92,98,1.59
478,Mount Gambier,AU,2022-02-11 18:13:29,-37.8333,140.7667,51.58,88,3,7.31
479,Mansehra,PK,2022-02-11 18:17:00,34.3333,73.2,43.14,45,12,5.53
480,Wuwei,CN,2022-02-11 18:17:01,37.9281,102.6414,24.42,91,100,6.4
481,Marshall,US,2022-02-11 18:17:01,34.3834,-86.3333,68.52,43,0,14.97
482,Yumen,CN,2022-02-11 18:17:02,40.2833,97.2,23.27,46,96,5.84
483,Port Blair,IN,2022-02-11 18:17:02,11.6667,92.75,77.04,83,40,0.0
484,Shwebo,MM,2022-02-11 18:17:02,22.5667,95.7,65.62,44,6,5.68
485,Gull Lake,CA,2022-02-11 18:17:03,50.1001,-108.4847,16.16,83,100,11.97
486,Bathsheba,BB,2022-02-11 18:17:03,13.2167,-59.5167,84.81,51,20,27.63
487,Bartlesville,US,2022-02-11 18:17:03,36.7473,-95.9808,60.58,53,0,19.57
488,Port Hawkesbury,CA,2022-02-11 18:17:04,45.6169,-61.3485,46.9,63,0,11.5
489,Lensk,RU,2022-02-11 18:17:04,60.7253,114.9278,-6.97,97,100,5.17
490,Tigil,RU,2022-02-11 18:17:04,57.8,158.6667,-19.75,100,91,1.39
491,Zeya,RU,2022-02-11 18:17:05,53.75,127.2667,-4.94,94,99,4.52
492,Batouri,CM,2022-02-11 18:17:05,4.4333,14.3667,80.74,17,10,2.35
493,Russellville,US,2022-02-11 18:17:05,35.2784,-93.1338,68.14,35,20,4.61
494,Novovarshavka,RU,2022-02-11 18:17:06,54.1721,74.6946,-13.99,99,16,8.03
495,Adre,TD,2022-02-11 18:17:06,13.4667,22.2,71.58,12,0,10.25
496,Barillas,GT,2022-02-11 18:17:06,15.8036,-91.3158,79.14,57,47,5.44
497,Oranjemund,NA,2022-02-11 18:17:07,-28.55,16.4333,65.75,79,66,6.06
498,Torva,EE,2022-02-11 18:17:07,58.0028,25.935,30.7,90,60,7.9
499,Lerwick,GB,2022-02-11 18:14:06,60.1545,-1.1494,42.8,75,99,20.09
500,Rio Grande,BR,2022-02-11 18:17:07,-32.035,-52.0986,87.91,67,35,15.95
501,Saint-Francois,FR,2022-02-11 18:17:08,46.4154,3.9054,38.68,73,0,2.3
502,Tommot,RU,2022-02-11 18:12:12,58.9564,126.2925,-16.58,100,99,1.25
503,Beloha,MG,2022-02-11 18:18:08,-25.1667,45.05,74.7,90,55,12.26
504,Beira,MZ,2022-02-11 18:18:08,-19.8436,34.8389,80.69,69,20,11.5
505,Greer,US,2022-02-11 18:18:09,34.9387,-82.2271,67.75,32,0,17.27
506,Lhokseumawe,ID,2022-02-11 18:18:09,5.1801,97.1507,76.89,87,94,3.96
507,Moen,NO,2022-02-11 18:18:09,69.1304,18.6123,25.52,93,75,5.75
508,Hirara,JP,2022-02-11 18:18:10,24.8,125.2833,68.83,74,93,18.23
509,Ballina,AU,2022-02-11 18:18:10,-28.8667,153.5667,66.78,94,44,15.05
510,La Macarena,CO,2022-02-11 18:15:57,2.1837,-73.7849,92.84,37,92,7.09
511,Araouane,ML,2022-02-11 18:18:10,18.9048,-3.5265,71.6,13,71,10.22
512,Narodychi,UA,2022-02-11 18:18:11,51.2029,29.0823,35.49,86,100,2.55
513,Reinosa,ES,2022-02-11 18:18:11,42.9996,-4.138,43.05,95,99,2.15
514,North Tonawanda,US,2022-02-11 18:18:11,43.0387,-78.8642,46.76,58,100,27.63
515,Samur,RU,2022-02-11 18:18:12,41.8253,48.486,40.75,76,49,9.22
516,Puerto Lempira,HN,2022-02-11 18:18:12,15.2667,-83.7667,82.15,67,17,8.5
517,Cururupu,BR,2022-02-11 18:18:12,-1.8283,-44.8683,86.41,60,92,6.69
518,Ornskoldsvik,SE,2022-02-11 18:18:13,63.2909,18.7153,22.15,86,6,6.91
519,Nkhata Bay,MW,2022-02-11 18:18:13,-11.6066,34.2907,72.32,87,100,3.74
520,Teknaf,BD,2022-02-11 18:18:13,20.8624,92.3058,64.33,79,2,8.99
521,Lukaya,UG,2022-02-11 18:18:14,-0.1489,31.8748,69.85,79,93,3.09
522,Sucua,EC,2022-02-11 18:18:14,-2.4667,-78.1667,81.34,69,75,8.05
523,Qaqortoq,GL,2022-02-11 18:18:14,60.7167,-46.0333,23.5,78,100,3.42
524,Plettenberg Bay,ZA,2022-02-11 18:18:15,-34.0527,23.3716,65.57,80,9,2.86
525,Itaituba,BR,2022-02-11 18:18:15,-4.2761,-55.9836,89.76,66,20,5.75
526,Fenoarivo Atsinanana,MG,2022-02-11 18:18:15,-17.3667,49.4167,76.15,82,8,5.19
527,Hasaki,JP,2022-02-11 18:18:16,35.7333,140.8333,30.6,57,14,14.7
528,Pitimbu,BR,2022-02-11 18:18:16,-7.4706,-34.8086,88.39,65,48,11.81
529,Pandan,PH,2022-02-11 18:18:16,14.0453,124.1694,77.63,87,65,17.52
530,Bandar-E Lengeh,IR,2022-02-11 18:18:17,26.5579,54.8807,66.31,82,0,4.61
531,Satkhira,BD,2022-02-11 18:18:17,22.7167,89.1,62.6,42,0,5.06
532,Sinnamary,GF,2022-02-11 18:18:17,5.3833,-52.95,79.23,84,47,9.64
533,Punta Alta,AR,2022-02-11 18:18:18,-38.8759,-62.0736,66.76,40,100,17.49
534,Mukhen,RU,2022-02-11 18:18:18,48.1,136.1,7.05,98,100,1.48
535,Alice Springs,AU,2022-02-11 18:18:18,-23.7,133.8833,63.95,77,0,0.0
536,Valparaiso,CL,2022-02-11 18:14:48,-33.0393,-71.6273,73.04,64,0,12.66
537,Mariel,CU,2022-02-11 18:18:19,22.9875,-82.7536,80.74,77,80,12.68
538,Sao Joao Da Barra,BR,2022-02-11 18:18:19,-21.6403,-41.0511,80.69,81,100,10.51
539,Cortland,US,2022-02-11 18:18:19,42.6001,-76.083,47.75,45,0,19.57
540,Mutoko,ZW,2022-02-11 18:18:20,-17.397,32.2268,67.5,69,93,5.41
541,Phalaborwa,ZA,2022-02-11 18:18:20,-23.943,31.1411,78.08,33,10,7.49
542,Rjukan,NO,2022-02-11 18:18:21,59.8789,8.5941,21.36,93,55,7.45
543,Baft,IR,2022-02-11 18:18:21,29.234,56.6057,44.42,30,0,4.09
544,Kalmunai,LK,2022-02-11 18:18:21,7.4167,81.8167,77.79,86,100,5.77
545,Acapulco,MX,2022-02-11 18:18:22,16.8634,-99.8901,84.02,54,75,6.91
546,Pachino,IT,2022-02-11 18:19:22,36.7186,15.0907,50.04,71,90,9.71
