City_ID,City,Lat,Lng,Max Temp,Humidity,Cloudiness,Wind Speed,Country,Date
0,Albany,42.6001,-73.9662,14.09,51,20,1.99,US,2022-02-15 00:15:42
1,Kodiak,57.79,-152.4072,40.51,75,100,5.75,US,2022-02-15 00:17:56
2,Mayakonda,14.2833,76.0833,66.83,52,0,5.06,IN,2022-02-15 00:17:57
3,Kytmanovo,53.4593,85.4479,20.66,89,100,8.52,RU,2022-02-15 00:17:57
4,Barra Do Corda,-5.5,-45.25,74.12,95,96,2.04,BR,2022-02-15 00:17:57
5,Carnarvon,-24.8667,113.6333,84.92,62,4,9.1,AU,2022-02-15 00:17:58
6,Busselton,-33.65,115.3333,74.05,62,0,11.43,AU,2022-02-15 00:17:58
7,Na Wa,17.4897,104.1006,73.24,65,87,4.09,TH,2022-02-15 00:17:59
8,Bluff,-46.6,168.3333,59.45,69,96,5.97,NZ,2022-02-15 00:17:59
9,Olafsvik,64.8945,-23.7142,35.11,84,100,28.92,IS,2022-02-15 00:17:59
10,Bredasdorp,-34.5322,20.0403,68.29,77,58,13.8,ZA,2022-02-15 00:18:00
11,Oistins,13.0667,-59.5333,77.09,78,20,12.66,BB,2022-02-15 00:15:26
12,Hermanus,-34.4187,19.2345,78.91,81,8,12.1,ZA,2022-02-15 00:18:00
13,Bengkulu,-3.8004,102.2655,75.13,80,37,3.67,ID,2022-02-15 00:18:00
14,Ushuaia,-54.8,-68.3,47.86,61,20,6.91,AR,2022-02-15 00:18:01
15,Rikitea,-23.1203,-134.9692,78.42,70,72,11.34,PF,2022-02-15 00:18:01
16,Manta,-0.95,-80.7333,80.38,78,75,4.61,EC,2022-02-15 00:18:01
17,Ponta Do Sol,32.6667,-17.1,62.06,73,99,6.22,PT,2022-02-15 00:18:02
18,Goderich,43.7501,-81.7165,14.92,67,95,5.75,CA,2022-02-15 00:18:02
19,Puerto Ayora,-0.7393,-90.3518,78.55,92,82,3.0,EC,2022-02-15 00:18:02
20,Basco,20.4487,121.9702,72.61,71,92,24.67,PH,2022-02-15 00:18:02
21,Anuppur,23.1,81.6833,53.58,33,0,2.62,IN,2022-02-15 00:18:03
22,Kabansk,52.0486,106.6528,-28.55,94,16,4.56,RU,2022-02-15 00:18:03
23,Severo-Kurilsk,50.6789,156.125,27.43,75,100,15.46,RU,2022-02-15 00:18:04
24,Kapaa,22.0752,-159.319,78.78,64,0,9.22,US,2022-02-15 00:18:04
25,Mataura,-46.1927,168.8643,72.3,32,90,3.18,NZ,2022-02-15 00:18:04
26,Aklavik,68.2191,-135.0107,-18.4,63,20,5.75,CA,2022-02-15 00:18:05
27,Baykit,61.67,96.37,-24.18,100,69,3.62,RU,2022-02-15 00:18:05
28,Isangel,-19.55,169.2667,89.71,66,40,6.91,VU,2022-02-15 00:18:05
29,Bambous Virieux,-20.3428,57.7575,80.22,94,40,8.05,MU,2022-02-15 00:18:06
30,Souillac,-20.5167,57.5167,80.37,94,40,8.05,MU,2022-02-15 00:18:06
31,Port Lincoln,-34.7333,135.8667,64.8,76,100,12.33,AU,2022-02-15 00:15:46
32,Port Alfred,-33.5906,26.891,69.8,82,71,25.23,ZA,2022-02-15 00:18:06
33,Punta Arenas,-53.15,-70.9167,51.91,58,75,23.02,CL,2022-02-15 00:13:23
34,Toropets,56.4978,31.6353,27.39,90,100,10.09,RU,2022-02-15 00:18:07
35,Hobart,-42.8794,147.3294,71.22,62,40,9.22,AU,2022-02-15 00:15:03
36,The Valley,18.217,-63.0578,77.09,74,13,17.92,AI,2022-02-15 00:18:07
37,Barrow,71.2906,-156.7887,-34.58,100,0,8.05,US,2022-02-15 00:18:07
38,Salinopolis,-0.6136,-47.3561,77.99,88,88,10.83,BR,2022-02-15 00:18:08
39,Kailua,21.4022,-157.7394,80.58,60,3,3.0,US,2022-02-15 00:18:08
40,Mar Del Plata,-38.0023,-57.5575,72.09,87,0,11.99,AR,2022-02-15 00:15:46
41,Vostok,46.4856,135.8833,13.08,86,100,3.36,RU,2022-02-15 00:18:08
42,Caruray,10.3094,119.0128,79.25,82,100,6.17,PH,2022-02-15 00:18:09
43,Saskylakh,71.9167,114.0833,-20.54,87,86,2.66,RU,2022-02-15 00:18:09
44,Lovozero,68.005,35.0117,24.66,86,66,24.65,RU,2022-02-15 00:18:09
45,Cape Town,-33.9258,18.4232,78.12,74,0,3.44,ZA,2022-02-15 00:15:04
46,Yellowknife,62.456,-114.3525,-5.58,83,100,6.91,CA,2022-02-15 00:17:31
47,Zhezkazgan,47.8043,67.7144,6.39,92,21,10.33,KZ,2022-02-15 00:19:10
48,Kaeo,-35.1,173.7833,77.32,56,14,9.19,NZ,2022-02-15 00:19:10
49,Sao Joao Da Barra,-21.6403,-41.0511,77.07,90,5,15.5,BR,2022-02-15 00:19:11
50,Vaini,-21.2,-175.2,80.2,70,94,14.29,TO,2022-02-15 00:19:11
51,Petropavlovsk-Kamchatskiy,53.0452,158.6483,21.79,46,75,20.13,RU,2022-02-15 00:19:11
52,East London,-33.0153,27.9116,69.8,82,100,17.54,ZA,2022-02-15 00:19:11
53,Mendi,-6.1761,143.6513,66.56,73,93,2.71,PG,2022-02-15 00:19:12
54,Norman Wells,65.282,-126.8329,-16.56,63,75,14.97,CA,2022-02-15 00:19:12
55,Pierre,44.3683,-100.351,27.86,60,0,17.27,US,2022-02-15 00:19:12
56,Lakes Entrance,-37.8811,147.981,73.17,67,3,6.53,AU,2022-02-15 00:19:13
57,Aden,12.7794,45.0367,76.3,70,1,12.95,YE,2022-02-15 00:19:13
58,Sept-Iles,50.2001,-66.3821,1.06,71,40,5.75,CA,2022-02-15 00:19:13
59,Port Elizabeth,-33.918,25.5701,66.49,82,0,14.97,ZA,2022-02-15 00:19:14
60,Chuy,-33.6971,-53.4616,64.83,79,0,4.36,UY,2022-02-15 00:19:14
61,Hithadhoo,-0.6,73.0833,82.0,70,97,11.41,MV,2022-02-15 00:19:14
62,Hilo,19.7297,-155.09,79.25,44,0,6.91,US,2022-02-15 00:19:14
63,Humaita,-7.5061,-63.0208,72.34,99,100,2.53,BR,2022-02-15 00:19:15
64,Kavieng,-2.5744,150.7967,84.4,71,83,4.0,PG,2022-02-15 00:19:15
65,Meadow Lake,34.8014,-106.5436,59.77,13,0,0.43,US,2022-02-15 00:19:15
66,Nikolskoye,59.7035,30.7861,36.72,86,100,9.26,RU,2022-02-15 00:19:16
67,Husavik,66.0449,-17.3389,31.91,76,89,27.87,IS,2022-02-15 00:19:16
68,New Norfolk,-42.7826,147.0587,69.89,53,94,3.0,AU,2022-02-15 00:19:16
69,Ribeira Grande,38.5167,-28.7,60.98,86,84,12.39,PT,2022-02-15 00:19:17
70,La Celia,5.0433,-76.0167,63.99,98,100,2.98,CO,2022-02-15 00:19:17
71,Victoria,22.2855,114.1577,63.25,86,100,10.0,HK,2022-02-15 00:18:07
72,Shubarshi,48.5872,57.1869,3.81,100,94,2.46,KZ,2022-02-15 00:19:17
73,Atuona,-9.8,-139.0333,78.35,70,2,17.0,PF,2022-02-15 00:19:18
74,Pevek,69.7008,170.3133,-22.23,99,100,5.46,RU,2022-02-15 00:19:18
75,Teeli,51.0333,90.2333,-12.91,97,100,1.36,RU,2022-02-15 00:19:18
76,Chokurdakh,70.6333,147.9167,-25.76,99,43,6.62,RU,2022-02-15 00:19:18
77,Bethel,41.3712,-73.414,21.49,48,0,8.99,US,2022-02-15 00:16:10
78,Touros,-5.1989,-35.4608,81.5,74,6,12.35,BR,2022-02-15 00:19:19
79,Rawson,-43.3002,-65.1023,63.34,63,73,12.62,AR,2022-02-15 00:19:19
80,Castro,-24.7911,-50.0119,69.96,75,61,1.3,BR,2022-02-15 00:19:19
81,Santa Cruz Del Sur,20.7147,-77.9956,75.85,72,66,18.54,CU,2022-02-15 00:19:20
82,Kamenka,51.3223,42.7678,13.55,91,32,8.72,RU,2022-02-15 00:19:20
83,Kirakira,-10.4544,161.9205,83.75,75,92,8.16,SB,2022-02-15 00:19:20
84,Iwanai,42.9744,140.5089,24.58,80,76,6.69,JP,2022-02-15 00:19:21
85,Cabo San Lucas,22.8909,-109.9124,83.61,31,0,16.11,MX,2022-02-15 00:19:21
86,Estacion Coahuila,32.1939,-115.0017,82.94,6,2,5.66,MX,2022-02-15 00:19:21
87,Boffa,10.1667,-14.0333,73.06,77,3,3.29,GN,2022-02-15 00:19:22
88,Saint-Philippe,-21.3585,55.7679,80.15,86,78,12.28,RE,2022-02-15 00:19:22
89,Puri,19.8,85.85,59.52,61,6,5.64,IN,2022-02-15 00:19:22
90,Butaritari,3.0707,172.7902,82.2,74,90,16.44,KI,2022-02-15 00:15:16
91,Hami,42.8,93.45,26.91,42,79,5.32,CN,2022-02-15 00:19:23
92,Dikson,73.5069,80.5464,-6.11,92,100,17.0,RU,2022-02-15 00:19:23
93,Hobyo,5.3505,48.5268,75.97,66,85,16.84,SO,2022-02-15 00:19:23
94,Amuntai,-2.4177,115.2494,76.55,92,86,1.61,ID,2022-02-15 00:19:23
95,Praia Da Vitoria,38.7333,-27.0667,60.76,88,40,9.13,PT,2022-02-15 00:20:24
96,Saurimo,-9.6608,20.3916,64.02,97,100,2.93,AO,2022-02-15 00:20:24
97,Sitka,57.0531,-135.33,39.09,81,75,4.61,US,2022-02-15 00:20:24
98,Talnakh,69.4865,88.3972,-12.78,82,30,7.38,RU,2022-02-15 00:20:25
99,Qaanaaq,77.484,-69.3632,-3.08,98,100,6.53,GL,2022-02-15 00:20:25
100,Deputatskiy,69.3,139.9,-24.5,93,6,5.73,RU,2022-02-15 00:20:25
101,Jijiang,29.2906,106.2542,53.49,73,92,3.56,CN,2022-02-15 00:20:26
102,Kiunga,-6.1219,141.2906,84.25,68,96,0.63,PG,2022-02-15 00:20:26
103,Coquimbo,-29.9533,-71.3436,65.7,79,14,8.16,CL,2022-02-15 00:20:26
104,Pitimbu,-7.4706,-34.8086,81.19,70,62,10.54,BR,2022-02-15 00:20:27
105,Huron,41.1501,-82.5499,19.96,71,93,1.48,US,2022-02-15 00:20:27
106,Provideniya,64.3833,-173.3,-0.29,65,0,15.66,RU,2022-02-15 00:20:27
107,Gizo,-8.103,156.8419,83.86,70,97,4.76,SB,2022-02-15 00:20:28
108,Tuatapere,-46.1333,167.6833,69.21,36,96,1.32,NZ,2022-02-15 00:20:28
109,Fuling,29.7022,107.3919,48.79,76,55,2.8,CN,2022-02-15 00:16:01
110,Jamestown,42.097,-79.2353,11.79,38,0,8.05,US,2022-02-15 00:20:28
111,Khatanga,71.9667,102.5,-31.09,100,28,0.81,RU,2022-02-15 00:20:28
112,Pecos,31.4229,-103.4932,73.49,6,0,6.91,US,2022-02-15 00:16:48
113,Mairipora,-23.3186,-46.5867,75.18,73,100,8.05,BR,2022-02-15 00:16:33
114,Lubsko,51.7847,14.972,42.91,62,91,10.49,PL,2022-02-15 00:20:29
115,Oktyabrskoye,43.0645,44.7417,30.34,86,100,2.24,RU,2022-02-15 00:20:31
116,Korla,41.7597,86.1469,30.16,50,91,8.97,CN,2022-02-15 00:20:31
117,Esperance,-33.8667,121.9,67.28,70,0,12.55,AU,2022-02-15 00:20:31
118,Pontivy,48.0,-3.0,44.28,92,12,8.79,FR,2022-02-15 00:20:32
119,Laguna,38.421,-121.4238,67.84,68,0,12.66,US,2022-02-15 00:20:32
120,Kattivakkam,13.2167,80.3167,78.08,74,99,5.75,IN,2022-02-15 00:20:32
121,Guerrero Negro,27.9769,-114.0611,73.58,32,0,13.73,MX,2022-02-15 00:20:33
122,Padang,-0.9492,100.3543,71.65,78,83,4.9,ID,2022-02-15 00:20:33
123,Katsuura,35.1333,140.3,42.84,61,77,7.23,JP,2022-02-15 00:20:33
124,Atar,20.5169,-13.0499,66.94,17,100,8.77,MR,2022-02-15 00:20:34
125,Cochrane,51.1834,-114.4687,31.39,74,100,2.3,CA,2022-02-15 00:20:34
126,Boa Vista,2.8197,-60.6733,84.18,58,20,12.66,BR,2022-02-15 00:20:34
127,Batagay-Alyta,67.8006,130.4114,-19.53,75,0,4.97,RU,2022-02-15 00:20:35
128,Panama City,8.9936,-79.5197,82.35,66,0,9.22,PA,2022-02-15 00:20:35
129,Port-Gentil,-0.7193,8.7815,79.99,79,85,12.1,GA,2022-02-15 00:20:35
130,Ganzhou,28.8184,115.4327,43.39,87,2,2.68,CN,2022-02-15 00:16:37
131,Avarua,-21.2078,-159.775,78.85,83,75,9.22,CK,2022-02-15 00:20:36
132,Mogadishu,2.0371,45.3438,76.17,74,87,19.82,SO,2022-02-15 00:19:40
133,Dunedin,-45.8742,170.5036,64.8,62,98,7.0,NZ,2022-02-15 00:19:47
134,Tateyama,34.9833,139.8667,48.47,63,51,1.79,JP,2022-02-15 00:20:36
135,Tautira,-17.7333,-149.15,84.22,74,89,17.07,PF,2022-02-15 00:20:36
136,Snasa,64.2457,12.3778,12.88,88,100,5.61,NO,2022-02-15 00:20:37
137,Koumac,-20.5667,164.2833,84.81,68,98,5.21,NC,2022-02-15 00:20:37
138,Hit,33.6416,42.8251,54.5,42,0,9.93,IQ,2022-02-15 00:20:37
139,Tuktoyaktuk,69.4541,-133.0374,-27.4,68,20,11.5,CA,2022-02-15 00:20:37
140,Mehamn,71.0357,27.8492,27.95,76,100,38.12,NO,2022-02-15 00:21:38
141,Mahebourg,-20.4081,57.7,80.26,94,40,8.05,MU,2022-02-15 00:21:38
142,Piranshahr,36.701,45.1413,25.5,84,5,3.04,IR,2022-02-15 00:21:38
143,Torbay,47.6666,-52.7314,25.75,93,100,27.63,CA,2022-02-15 00:17:31
144,Aquiraz,-3.9014,-38.3911,83.17,81,3,10.13,BR,2022-02-15 00:21:39
145,Pemberton,50.3164,-122.8027,44.29,96,95,1.63,CA,2022-02-15 00:21:39
146,Dargaville,-35.9333,173.8833,73.67,39,3,8.57,NZ,2022-02-15 00:21:39
147,Thompson,55.7435,-97.8558,-12.84,64,0,2.3,CA,2022-02-15 00:21:40
148,Nakusp,50.2499,-117.8023,35.94,75,100,0.0,CA,2022-02-15 00:21:40
149,Martapura,-3.4167,114.85,78.89,94,20,0.0,ID,2022-02-15 00:21:40
150,Desaguadero,-16.5656,-69.0417,50.92,68,56,6.26,PE,2022-02-15 00:21:41
151,Saint-Francois,46.4154,3.9054,42.67,86,100,10.36,FR,2022-02-15 00:21:41
152,Chickasha,35.0526,-97.9364,66.51,19,0,6.91,US,2022-02-15 00:21:41
153,Vila Velha,-20.3297,-40.2925,80.55,90,75,11.5,BR,2022-02-15 00:18:40
154,Miraflores,19.2167,-98.8083,66.87,63,50,3.71,MX,2022-02-15 00:21:42
155,Diamantino,-14.4086,-56.4461,73.35,95,97,4.92,BR,2022-02-15 00:21:42
156,Airai,-8.9266,125.4092,67.21,64,8,3.67,TL,2022-02-15 00:19:43
157,Mogwase,-25.185,27.2665,67.55,65,0,6.78,ZA,2022-02-15 00:21:42
158,Emerald,-23.5333,148.1667,81.34,53,10,14.41,AU,2022-02-15 00:18:41
159,Saldanha,-33.0117,17.9442,75.25,70,62,7.14,ZA,2022-02-15 00:21:43
160,Ilulissat,69.2167,-51.1,3.22,72,75,5.75,GL,2022-02-15 00:21:43
161,Ancud,-41.8697,-73.8203,60.33,77,22,4.9,CL,2022-02-15 00:21:43
162,Salina,38.8403,-97.6114,50.13,31,0,5.75,US,2022-02-15 00:17:27
163,Kushima,31.4583,131.2333,51.84,66,0,10.07,JP,2022-02-15 00:21:44
164,Bozuyuk,39.9078,30.0367,33.06,81,81,1.52,TR,2022-02-15 00:21:44
165,Estelle,29.8458,-90.1067,59.0,44,75,6.91,US,2022-02-15 00:21:44
166,High Prairie,55.4334,-116.4858,29.5,95,100,3.22,CA,2022-02-15 00:20:06
167,Keflavik,64.0049,-22.5624,36.52,100,100,31.07,IS,2022-02-15 00:21:45
168,Khargone,21.8167,75.6,67.39,35,28,2.17,IN,2022-02-15 00:21:45
169,Asyut,27.181,31.1837,53.13,67,0,10.54,EG,2022-02-15 00:21:45
170,Yaan,7.3833,8.5667,82.38,13,48,4.85,NG,2022-02-15 00:21:46
171,Fengxian,34.7039,116.5872,30.6,72,96,10.22,CN,2022-02-15 00:21:46
172,Cherskiy,68.75,161.3,-27.54,99,98,5.82,RU,2022-02-15 00:21:46
173,Jacksonville,30.3322,-81.6556,53.02,62,0,0.0,US,2022-02-15 00:20:11
174,Saint-Leu,-21.15,55.2833,79.63,81,73,5.66,RE,2022-02-15 00:21:47
175,Dutlwe,-23.9833,23.9,76.17,40,72,15.93,BW,2022-02-15 00:21:47
176,Iqaluit,63.7506,-68.5145,-18.31,75,40,4.61,CA,2022-02-15 00:21:47
177,Bad Bevensen,53.0833,10.5833,44.29,76,82,10.67,DE,2022-02-15 00:21:47
178,Yulin,22.6333,110.15,58.68,82,100,3.31,CN,2022-02-15 00:21:48
179,Kahului,20.8947,-156.47,80.62,60,20,18.41,US,2022-02-15 00:21:48
180,Kaitangata,-46.2817,169.8464,64.92,73,83,3.58,NZ,2022-02-15 00:21:48
181,Nanortalik,60.1432,-45.2371,13.8,64,57,43.15,GL,2022-02-15 00:21:49
182,Bousso,10.4795,16.7117,77.67,15,40,6.31,TD,2022-02-15 00:21:49
183,Port Hedland,-20.3167,118.5667,91.45,49,33,12.66,AU,2022-02-15 00:22:49
184,Turukhansk,65.8167,87.9833,-11.33,83,2,9.8,RU,2022-02-15 00:22:50
185,Mastic Beach,40.7668,-72.8521,23.2,48,0,9.22,US,2022-02-15 00:22:50
186,Sindou,10.6667,-5.1667,78.57,14,4,9.04,BF,2022-02-15 00:22:29
187,Saint-Augustin,51.226,-58.6502,0.36,85,100,7.67,CA,2022-02-15 00:22:50
188,Jalu,29.0331,21.5482,54.18,50,0,4.74,LY,2022-02-15 00:22:50
189,Los Llanos De Aridane,28.6585,-17.9182,59.13,82,75,8.99,ES,2022-02-15 00:22:51
190,Geraldton,-28.7667,114.6,86.41,54,0,12.66,AU,2022-02-15 00:22:51
191,Sinnamary,5.3833,-52.95,76.95,89,93,15.28,GF,2022-02-15 00:22:51
192,Porto De Moz,-1.7483,-52.2383,74.03,93,96,3.4,BR,2022-02-15 00:22:52
193,Aksu,41.1231,80.2644,30.65,47,100,1.25,CN,2022-02-15 00:22:52
194,Noumea,-22.2763,166.4572,87.78,99,28,14.25,NC,2022-02-15 00:19:47
195,Faya,18.3851,42.4509,52.32,46,1,1.57,SA,2022-02-15 00:22:52
196,Bapatla,15.9,80.4667,69.24,79,24,6.33,IN,2022-02-15 00:22:53
197,Usinsk,65.9939,57.5281,7.32,91,67,17.45,RU,2022-02-15 00:22:53
198,Natal,-5.795,-35.2094,82.62,78,40,13.8,BR,2022-02-15 00:21:29
199,Hasaki,35.7333,140.8333,43.2,49,62,10.16,JP,2022-02-15 00:22:53
200,Hualmay,-11.0964,-77.6139,71.87,79,16,9.66,PE,2022-02-15 00:22:54
201,Cidreira,-30.1811,-50.2056,70.05,69,0,7.65,BR,2022-02-15 00:22:54
202,Sovetskiy,61.3614,63.5842,-14.76,100,96,1.43,RU,2022-02-15 00:22:54
203,Son La,21.3167,103.9,52.65,96,55,2.42,VN,2022-02-15 00:19:06
204,Lavrentiya,65.5833,-171.0,-12.41,93,54,8.57,RU,2022-02-15 00:22:55
205,Mnogovershinnyy,53.9353,139.9242,-4.86,83,79,4.83,RU,2022-02-15 00:22:55
206,Adrar,20.5022,-10.0711,63.16,19,100,8.86,MR,2022-02-15 00:22:55
207,Fairbanks,64.8378,-147.7164,7.25,74,75,8.05,US,2022-02-15 00:22:55
208,Sona,45.4388,10.8255,43.29,87,100,2.3,IT,2022-02-15 00:22:56
209,Arlit,18.7369,7.3853,71.06,10,3,8.19,NE,2022-02-15 00:22:56
210,Adeje,28.1227,-16.726,63.48,82,20,12.66,ES,2022-02-15 00:22:56
211,Menomonie,44.8755,-91.9193,15.84,57,98,5.75,US,2022-02-15 00:22:57
212,Adre,13.4667,22.2,68.74,13,73,11.99,TD,2022-02-15 00:22:57
213,Lorengau,-2.0226,147.2712,83.91,71,78,1.74,PG,2022-02-15 00:22:57
214,Wajima,37.4,136.9,39.88,93,75,9.22,JP,2022-02-15 00:22:58
215,Lebu,-37.6167,-73.65,57.74,92,2,6.58,CL,2022-02-15 00:22:58
216,Grand Gaube,-20.0064,57.6608,80.38,78,11,5.01,MU,2022-02-15 00:22:58
217,Den Helder,52.9599,4.7593,44.98,88,100,17.27,NL,2022-02-15 00:22:59
218,Reconquista,-29.15,-59.65,77.54,25,0,6.55,AR,2022-02-15 00:22:59
219,Havoysund,70.9963,24.6622,29.28,54,100,31.9,NO,2022-02-15 00:22:59
220,Kusa,55.3383,59.4406,-1.73,100,98,3.09,RU,2022-02-15 00:22:59
221,Lumut,4.2323,100.6298,77.02,88,20,0.0,MY,2022-02-15 00:23:00
222,Lagoa,39.05,-27.9833,59.86,83,96,11.45,PT,2022-02-15 00:23:00
223,Ponta Delgada,37.7333,-25.6667,57.51,76,20,2.3,PT,2022-02-15 00:23:00
224,Pemba,-12.974,40.5178,75.88,85,48,10.33,MZ,2022-02-15 00:23:01
225,Vao,-22.6667,167.4833,79.16,83,58,22.97,NC,2022-02-15 00:23:01
226,Hovd,48.0056,91.6419,-13.23,90,63,2.01,MN,2022-02-15 00:23:01
227,Yar-Sale,66.8333,70.8333,-24.48,100,100,5.88,RU,2022-02-15 00:23:01
228,Taltal,-25.4,-70.4833,68.43,77,36,3.38,CL,2022-02-15 00:20:20
229,Narrabri,-30.3167,149.7833,83.52,44,40,5.75,AU,2022-02-15 00:24:02
230,Kikwit,-5.041,18.8162,70.43,91,33,2.62,CD,2022-02-15 00:24:02
231,Arraial Do Cabo,-22.9661,-42.0278,76.96,94,40,5.75,BR,2022-02-15 00:24:02
232,Alofi,-19.0595,-169.9187,84.09,65,75,11.5,NU,2022-02-15 00:24:03
233,Avera,33.194,-82.5271,51.71,46,0,6.62,US,2022-02-15 00:24:03
234,Tiksi,71.6872,128.8694,-14.66,88,25,2.01,RU,2022-02-15 00:24:03
235,Mayo,38.8876,-76.5119,30.15,49,0,8.05,US,2022-02-15 00:24:04
236,Sorland,67.667,12.6934,33.49,55,88,15.3,NO,2022-02-15 00:24:04
237,Alice Springs,-23.7,133.8833,87.35,33,17,9.22,AU,2022-02-15 00:24:04
238,Sassandra,4.95,-6.0833,77.67,88,35,6.24,CI,2022-02-15 00:24:05
239,Ocampo,21.65,-101.5,67.28,35,88,0.78,MX,2022-02-15 00:24:05
240,Huarmey,-10.0681,-78.1522,72.93,78,11,9.8,PE,2022-02-15 00:24:05
241,Dingle,10.9995,122.6711,78.46,80,69,9.22,PH,2022-02-15 00:24:05
242,Bilma,18.6853,12.9164,66.67,14,2,8.21,NE,2022-02-15 00:24:06
243,Luderitz,-26.6481,15.1594,67.91,85,6,5.17,NA,2022-02-15 00:24:06
244,Edd,13.9297,41.6925,77.86,66,0,10.92,ER,2022-02-15 00:24:06
245,San Fernando,15.0286,120.6898,82.42,77,74,2.98,PH,2022-02-15 00:24:07
246,Churapcha,62.0025,132.4325,-39.6,100,62,1.88,RU,2022-02-15 00:24:07
247,Nouadhibou,20.931,-17.0347,69.78,43,97,8.05,MR,2022-02-15 00:24:07
248,Batemans Bay,-35.7167,150.1833,91.2,48,1,5.57,AU,2022-02-15 00:24:07
249,Nuuk,64.1835,-51.7216,5.61,56,75,9.22,GL,2022-02-15 00:21:00
250,Constitucion,-35.3333,-72.4167,58.05,90,3,5.41,CL,2022-02-15 00:24:08
251,Nzega,-2.479,29.5564,55.81,95,100,4.05,RW,2022-02-15 00:24:08
252,Wangqing,43.3218,129.7634,10.42,85,100,5.19,CN,2022-02-15 00:24:08
253,Sinegorye,62.0788,150.477,-19.5,98,91,1.28,RU,2022-02-15 00:24:09
254,Codrington,-38.2667,141.9667,67.14,55,54,13.38,AU,2022-02-15 00:24:09
255,Pandan,14.0453,124.1694,78.85,72,86,8.39,PH,2022-02-15 00:24:09
256,Bardiyah,31.7561,25.0865,54.7,73,0,4.92,LY,2022-02-15 00:24:10
257,Port Hardy,50.6996,-127.4199,51.98,58,20,10.36,CA,2022-02-15 00:24:10
258,Marsa Matruh,31.3525,27.2453,57.47,65,70,5.88,EG,2022-02-15 00:24:10
259,Rundu,-17.9333,19.7667,65.19,92,79,2.35,NA,2022-02-15 00:24:11
260,Slave Lake,55.2834,-114.769,24.78,68,100,9.22,CA,2022-02-15 00:24:11
261,Esmeraldas,-19.7625,-44.3139,75.51,92,21,2.01,BR,2022-02-15 00:19:38
262,Acu,-5.5767,-36.9086,82.08,59,28,13.53,BR,2022-02-15 00:24:11
263,Merauke,-8.4667,140.3333,82.96,68,54,7.34,ID,2022-02-15 00:24:12
264,Lata,40.1629,-8.3327,43.05,95,29,0.96,PT,2022-02-15 00:24:12
265,Vardo,70.3705,31.1107,30.52,90,100,44.65,NO,2022-02-15 00:24:12
266,Okhotsk,59.3833,143.3,-3.78,71,99,15.59,RU,2022-02-15 00:24:12
267,Tasiilaq,65.6145,-37.6368,30.36,85,100,50.24,GL,2022-02-15 00:24:13
268,Ust-Ilimsk,58.0006,102.6619,-24.88,99,14,2.42,RU,2022-02-15 00:24:13
269,Sitia,35.2,26.0986,52.99,70,30,13.65,GR,2022-02-15 00:24:13
270,Vila,42.0304,-8.1588,37.33,93,29,1.48,PT,2022-02-15 00:24:14
271,Sandy Bay,-42.913,147.3532,70.27,61,40,9.22,AU,2022-02-15 00:24:14
272,Ankang,32.68,109.0172,40.73,82,21,3.4,CN,2022-02-15 00:24:14
273,Kavaratti,10.5669,72.642,80.29,71,1,4.27,IN,2022-02-15 00:24:15
274,Marawi,7.9986,124.2928,66.65,82,100,1.95,PH,2022-02-15 00:24:15
275,Inirida,3.8653,-67.9239,78.15,81,98,3.89,CO,2022-02-15 00:24:15
276,Kasimov,54.9411,41.3953,24.26,93,100,10.42,RU,2022-02-15 00:24:15
277,Prince Rupert,54.3161,-130.3201,46.49,76,0,16.11,CA,2022-02-15 00:24:16
278,Dangara,29.6799,75.8931,51.85,74,17,4.94,IN,2022-02-15 00:25:16
279,Port Blair,11.6667,92.75,73.44,94,40,2.3,IN,2022-02-15 00:25:17
280,Manadhoo,5.7667,73.3833,80.6,73,64,7.58,MV,2022-02-15 00:25:17
281,Gat,31.61,34.7642,54.39,100,2,3.22,IL,2022-02-15 00:25:17
282,San Jeronimo,-11.9472,-75.2829,52.77,77,73,2.68,PE,2022-02-15 00:25:17
283,Kharan,28.5833,65.4167,54.73,44,24,9.98,PK,2022-02-15 00:25:18
284,Haines Junction,60.7522,-137.5108,15.75,73,100,1.14,CA,2022-02-15 00:25:18
285,Georgetown,5.4112,100.3354,78.73,95,20,2.3,MY,2022-02-15 00:24:59
286,Cubuk,40.2386,33.0322,33.55,75,75,4.61,TR,2022-02-15 00:25:18
287,Vanavara,60.34,102.2797,-27.67,100,62,3.15,RU,2022-02-15 00:25:19
288,Muros,42.7762,-9.0603,48.24,78,33,1.81,ES,2022-02-15 00:25:19
289,Margate,51.3813,1.3862,43.7,81,80,5.01,GB,2022-02-15 00:25:19
290,Udobnaya,44.1932,41.5529,20.7,93,93,3.24,RU,2022-02-15 00:25:20
291,Vilhena,-12.7406,-60.1458,69.78,98,100,3.11,BR,2022-02-15 00:25:20
292,Ucluelet,48.9329,-125.5528,52.11,79,47,2.75,CA,2022-02-15 00:25:20
293,Belogorsk,50.9158,128.4611,5.07,96,100,6.44,RU,2022-02-15 00:25:21
294,Ipameri,-17.7219,-48.1597,68.25,93,31,1.59,BR,2022-02-15 00:25:21
295,Veinticinco De Mayo,-35.4323,-60.1727,77.05,67,0,3.8,AR,2022-02-15 00:25:21
296,Eyl,7.9803,49.8164,72.55,73,39,11.86,SO,2022-02-15 00:25:22
297,Fethiye,36.6217,29.1164,46.27,65,4,4.99,TR,2022-02-15 00:25:22
298,Moron,-34.6534,-58.6198,80.98,48,0,4.54,AR,2022-02-15 00:25:22
299,Yabelo,4.8833,38.0833,62.47,40,89,8.55,ET,2022-02-15 00:25:22
300,Salalah,17.0151,54.0924,75.29,22,0,10.36,OM,2022-02-15 00:25:23
301,Kaili,-3.4626,120.2147,71.22,89,88,0.45,ID,2022-02-15 00:25:23
302,Mackay,-21.15,149.2,80.69,88,100,19.57,AU,2022-02-15 00:25:23
303,Key West,24.5557,-81.7826,68.0,55,0,11.5,US,2022-02-15 00:21:51
304,Saint George,37.1041,-113.5841,65.62,13,0,3.44,US,2022-02-15 00:25:24
305,Muriwai Beach,-36.8167,174.45,73.96,47,2,7.16,NZ,2022-02-15 00:25:24
306,San Quintin,30.4833,-115.95,66.61,55,0,10.27,MX,2022-02-15 00:25:24
307,Marzuq,14.4,46.4667,56.95,43,2,3.65,YE,2022-02-15 00:25:25
308,Noyabrsk,63.1994,75.4507,-6.45,100,98,5.59,RU,2022-02-15 00:25:25
309,Jennings,38.7192,-90.2604,39.38,60,40,8.05,US,2022-02-15 00:25:25
310,Fare,-16.7,-151.0167,81.18,74,91,17.11,PF,2022-02-15 00:25:25
311,Luganville,-15.5333,167.1667,84.69,71,63,9.37,VU,2022-02-15 00:25:26
312,Oberstdorf,47.4,10.2833,38.25,85,99,1.99,DE,2022-02-15 00:25:26
313,Eureka,40.8021,-124.1637,51.75,80,99,8.99,US,2022-02-15 00:25:26
314,Charlestown,-32.95,151.6667,81.82,64,75,4.0,AU,2022-02-15 00:25:27
315,Cayenne,4.9333,-52.3333,73.44,91,75,6.91,GF,2022-02-15 00:25:27
316,Karratha,-20.7377,116.8463,92.82,33,39,22.32,AU,2022-02-15 00:25:27
317,Faanui,-16.4833,-151.75,81.09,76,100,17.56,PF,2022-02-15 00:25:27
318,Nouakchott,18.0858,-15.9785,73.33,29,100,12.24,MR,2022-02-15 00:22:24
319,Barahona,18.2085,-71.1008,76.39,75,61,8.25,DO,2022-02-15 00:25:28
320,Niono,14.2526,-5.993,68.16,18,15,11.32,ML,2022-02-15 00:25:28
321,Konevo,62.1215,39.3192,30.27,97,100,7.43,RU,2022-02-15 00:25:28
322,Bichura,50.5881,107.6022,-18.44,99,93,2.35,RU,2022-02-15 00:25:29
323,Abensberg,48.8167,11.85,43.05,89,95,4.29,DE,2022-02-15 00:25:29
324,Gulu,2.7746,32.299,74.34,40,48,5.91,UG,2022-02-15 00:25:29
325,Yichun,47.7,128.9,-0.85,93,100,0.89,CN,2022-02-15 00:25:30
326,Saint Anthony,45.0205,-93.218,15.73,62,0,8.05,US,2022-02-15 00:26:30
327,General Roca,-39.0333,-67.5833,79.2,21,0,15.17,AR,2022-02-15 00:26:30
328,Belance,16.1833,121.25,65.84,97,97,2.91,PH,2022-02-15 00:26:30
329,Lazaro Cardenas,17.9583,-102.2,81.36,63,42,6.4,MX,2022-02-15 00:26:31
330,Erdenet,49.0333,104.0833,-18.87,100,37,2.28,MN,2022-02-15 00:26:08
331,Zykovo,55.9519,93.1461,-8.01,98,98,3.6,RU,2022-02-15 00:26:31
332,Sibut,5.718,19.0739,75.07,22,74,3.42,CF,2022-02-15 00:26:32
333,Linjiang,41.8069,126.9078,4.12,87,100,2.71,CN,2022-02-15 00:26:32
334,Chebsara,59.2002,38.8356,27.81,94,100,10.54,RU,2022-02-15 00:26:32
335,Labuhan,-6.8844,112.2051,76.62,90,94,9.64,ID,2022-02-15 00:26:32
336,Nikko,36.75,139.6167,34.95,89,95,5.06,JP,2022-02-15 00:26:33
337,Bakel,14.905,-12.4568,73.62,15,44,12.95,SN,2022-02-15 00:26:33
338,Kruisfontein,-34.0033,24.7314,62.98,86,52,9.82,ZA,2022-02-15 00:26:33
339,Vanimo,-2.6741,141.3028,75.9,95,100,1.79,PG,2022-02-15 00:26:34
340,Thunder Bay,48.4001,-89.3168,8.51,49,0,5.75,CA,2022-02-15 00:23:35
341,Leningradskiy,69.3833,178.4167,-15.65,90,68,5.48,RU,2022-02-15 00:26:34
342,Longyearbyen,78.2186,15.6401,15.64,73,75,4.61,SJ,2022-02-15 00:23:30
343,Pringsewu,-5.3582,104.9744,73.92,95,94,2.82,ID,2022-02-15 00:26:34
344,Gunnedah,-30.9833,150.25,80.22,46,8,4.43,AU,2022-02-15 00:26:35
345,Gushikawa,26.3544,127.8686,63.63,67,40,8.05,JP,2022-02-15 00:26:35
346,Butterworth,5.3991,100.3638,78.84,96,20,2.3,MY,2022-02-15 00:26:35
347,Trairi,-3.2778,-39.2689,79.2,75,5,8.75,BR,2022-02-15 00:26:36
348,Mega,4.05,38.3,63.32,46,99,4.9,ET,2022-02-15 00:26:36
349,Muravlenko,63.7898,74.523,-7.87,100,100,5.79,RU,2022-02-15 00:26:36
350,Tianpeng,30.9866,103.9393,39.67,87,13,3.76,CN,2022-02-15 00:26:37
351,Riyadh,24.6877,46.7219,48.34,21,0,4.23,SA,2022-02-15 00:24:56
352,Gunjur,13.2019,-16.7339,73.47,49,71,5.75,GM,2022-02-15 00:26:37
353,Zheleznodorozhnyy,55.7503,38.0042,28.58,88,100,10.38,RU,2022-02-15 00:26:37
354,Omsukchan,62.5333,155.8,-20.78,98,99,4.97,RU,2022-02-15 00:26:38
355,Porto Novo,6.4965,2.6036,82.22,83,19,6.42,BJ,2022-02-15 00:26:38
356,Ayagoz,47.9714,80.4392,18.41,90,100,22.26,KZ,2022-02-15 00:26:38
357,Colmenar Viejo,40.6591,-3.7676,43.18,68,2,1.01,ES,2022-02-15 00:26:39
358,Pyaozerskiy,65.8333,31.1667,9.84,88,4,5.08,RU,2022-02-15 00:26:39
359,Badami,15.915,75.6768,68.14,47,5,4.38,IN,2022-02-15 00:26:39
360,Jiexiu,37.0244,111.9125,31.23,50,25,5.39,CN,2022-02-15 00:26:39
361,Saint-Pierre,-21.3393,55.4781,80.24,78,0,5.75,RE,2022-02-15 00:26:40
362,Mabay,6.0577,124.4666,82.24,67,67,0.92,PH,2022-02-15 00:26:40
363,Sao Gabriel Da Cachoeira,-0.1303,-67.0892,71.35,99,100,1.5,BR,2022-02-15 00:26:40
364,Catalina,32.5056,-110.9211,78.89,9,0,1.99,US,2022-02-15 00:26:41
365,Naze,28.3667,129.4833,59.92,58,13,9.89,JP,2022-02-15 00:26:41
366,Jiujiang,29.7333,115.9833,45.27,77,35,6.44,CN,2022-02-15 00:26:41
367,Sobolevo,54.4299,31.8996,19.67,90,21,8.84,RU,2022-02-15 00:26:42
368,Balaka,-14.9793,34.9558,67.23,98,94,2.91,MW,2022-02-15 00:26:42
369,Mareeba,-17.0,145.4333,78.44,83,79,7.23,AU,2022-02-15 00:26:42
370,Warri,5.5167,5.75,78.6,86,7,3.91,NG,2022-02-15 00:26:42
371,Upernavik,72.7868,-56.1549,-12.91,84,100,12.06,GL,2022-02-15 00:27:43
372,Hambantota,6.1241,81.1185,75.54,88,20,6.91,LK,2022-02-15 00:27:43
373,Lompoc,34.6391,-120.4579,69.39,82,100,12.66,US,2022-02-15 00:27:44
374,Komsomolskiy,40.4272,71.7189,38.12,65,75,2.3,UZ,2022-02-15 00:27:44
375,Tual,-5.6667,132.75,82.83,74,87,8.72,ID,2022-02-15 00:27:44
376,Acajutla,13.5928,-89.8275,75.79,48,61,18.63,SV,2022-02-15 00:27:44
377,Mago,53.2514,140.1822,-16.74,99,97,2.48,RU,2022-02-15 00:27:45
378,Yumen,40.2833,97.2,22.82,44,21,6.91,CN,2022-02-15 00:27:45
379,Praia,14.9215,-23.5087,72.14,78,0,19.57,CV,2022-02-15 00:27:45
380,Aubenas,44.6201,4.3899,43.47,88,83,3.47,FR,2022-02-15 00:27:46
381,Nueva Loja,0.0847,-76.8828,72.79,95,46,1.77,EC,2022-02-15 00:27:46
382,Blythe,33.6103,-114.5964,80.04,9,0,4.61,US,2022-02-15 00:27:46
383,Belyy Yar,53.6039,91.3903,-15.14,66,100,0.0,RU,2022-02-15 00:27:46
384,Nodeland,58.1552,7.8358,41.7,83,100,10.36,NO,2022-02-15 00:27:47
385,Beloha,-25.1667,45.05,73.6,93,5,4.59,MG,2022-02-15 00:27:47
386,Hearst,49.6835,-83.6665,1.65,99,100,3.18,CA,2022-02-15 00:27:47
387,Klaksvik,62.2266,-6.589,34.72,65,99,26.96,FO,2022-02-15 00:27:48
388,Toamasina,-18.1667,49.3833,77.0,94,75,11.5,MG,2022-02-15 00:27:48
389,Anadyr,64.75,177.4833,-32.01,73,20,11.18,RU,2022-02-15 00:27:48
390,Balkhash,46.844,74.9804,18.03,83,82,21.12,KZ,2022-02-15 00:27:48
391,Walvis Bay,-22.9575,14.5053,74.35,83,60,6.91,NA,2022-02-15 00:27:49
392,Jumla,29.2747,82.1838,27.86,75,1,6.51,NP,2022-02-15 00:27:49
393,Kibala,9.1104,18.3463,71.55,43,0,0.0,TD,2022-02-15 00:27:49
394,Clermont,49.5,2.4167,44.04,95,77,9.48,FR,2022-02-15 00:27:50
395,Dreux,48.6667,1.25,42.76,90,73,13.6,FR,2022-02-15 00:27:50
396,San Cristobal,7.7669,-72.225,73.58,85,100,2.42,VE,2022-02-15 00:27:50
397,Clyde River,70.4692,-68.5914,-12.77,77,100,17.27,CA,2022-02-15 00:27:51
398,Yanam,16.7333,82.2167,66.4,81,7,4.14,IN,2022-02-15 00:27:51
399,Taitung,22.7583,121.1444,64.67,68,75,8.05,TW,2022-02-15 00:27:51
400,Campoverde,-8.4753,-74.8058,80.29,81,62,1.79,PE,2022-02-15 00:27:52
401,Ondjiva,-17.0667,15.7333,69.31,84,100,8.21,AO,2022-02-15 00:27:52
402,Murgab,37.4966,61.9714,30.07,74,20,9.22,TM,2022-02-15 00:27:52
403,Verkhoyansk,67.5447,133.385,-37.97,100,30,1.54,RU,2022-02-15 00:27:52
404,Pauini,-7.7136,-66.9764,72.21,99,100,1.1,BR,2022-02-15 00:27:53
405,Solothurn,47.2079,7.5371,42.66,94,75,2.3,CH,2022-02-15 00:27:53
406,Hirara,24.8,125.2833,66.47,59,40,12.66,JP,2022-02-15 00:27:53
407,Flinders,-34.5833,150.8552,84.06,65,10,5.01,AU,2022-02-15 00:27:54
408,Manali,13.1667,80.2667,78.08,74,99,5.35,IN,2022-02-15 00:27:54
409,Alta Floresta,-9.8756,-56.0861,71.1,97,71,1.59,BR,2022-02-15 00:27:54
410,Lasa,46.6166,10.7002,36.86,96,97,3.74,IT,2022-02-15 00:27:54
411,Umm Kaddadah,13.6017,26.6876,63.86,13,63,14.09,SD,2022-02-15 00:27:55
412,Banjar,-8.19,114.9675,80.46,90,88,3.58,ID,2022-02-15 00:27:55
413,Tabory,58.5198,64.5495,-14.48,100,69,1.25,RU,2022-02-15 00:27:55
414,San Carlos De Bariloche,-41.1456,-71.3082,67.75,49,0,18.41,AR,2022-02-15 00:27:56
415,Half Moon Bay,37.4636,-122.4286,60.91,80,100,19.57,US,2022-02-15 00:27:56
416,Biltine,14.5333,20.9167,74.21,12,49,12.66,TD,2022-02-15 00:27:56
417,Ternate,0.8,127.4,80.53,78,100,2.93,ID,2022-02-15 00:28:57
418,Fortuna,40.5982,-124.1573,51.48,93,75,14.97,US,2022-02-15 00:28:57
419,Bathsheba,13.2167,-59.5167,77.61,78,20,12.66,BB,2022-02-15 00:28:57
420,Svetlyy,54.675,20.1347,36.97,77,4,14.43,RU,2022-02-15 00:28:57
421,Whitehorse,60.7161,-135.0538,24.1,77,100,2.3,CA,2022-02-15 00:24:52
422,Nome,64.5011,-165.4064,6.87,51,0,0.0,US,2022-02-15 00:25:28
423,Zdvinsk,54.7021,78.661,21.38,96,100,9.31,RU,2022-02-15 00:28:58
424,Salym,60.0625,71.4789,-9.78,100,100,4.14,RU,2022-02-15 00:28:58
425,Tarnogskiy Gorodok,60.4997,43.5761,28.96,95,100,8.48,RU,2022-02-15 00:28:58
426,La Reforma,25.0833,-108.05,86.29,40,0,7.7,MX,2022-02-15 00:28:59
427,Sola,-13.8833,167.55,81.12,79,100,16.6,VU,2022-02-15 00:28:59
428,Hue,16.4667,107.6,62.71,100,75,6.91,VN,2022-02-15 00:28:59
429,Elesbao Veloso,-6.2019,-42.1403,76.3,68,32,2.98,BR,2022-02-15 00:29:00
430,Fonte Boa,-2.4959,-66.2662,71.76,99,100,0.29,BR,2022-02-15 00:29:00
431,Hamilton,39.1834,-84.5333,28.94,66,0,0.0,US,2022-02-15 00:29:00
432,Coahuayana,18.7333,-103.6833,89.08,56,59,4.99,MX,2022-02-15 00:29:00
433,Sohag,26.557,31.6948,53.22,61,0,11.77,EG,2022-02-15 00:29:01
434,Mitsamiouli,-11.3847,43.2844,80.74,79,94,5.01,KM,2022-02-15 00:29:01
435,Kisiwani,-4.1333,37.95,68.0,90,100,3.31,TZ,2022-02-15 00:29:01
436,Nanga Eboko,4.6833,12.3667,67.03,33,36,2.86,CM,2022-02-15 00:29:02
437,Hailey,43.5196,-114.3153,40.89,70,100,6.91,US,2022-02-15 00:29:02
438,Pisco,-13.7,-76.2167,71.65,73,0,16.11,PE,2022-02-15 00:24:57
439,Bonavista,48.6499,-53.1147,24.12,93,100,27.13,CA,2022-02-15 00:29:03
440,Viedma,-40.8135,-62.9967,65.32,75,45,7.52,AR,2022-02-15 00:29:03
441,Rosamorada,22.1222,-105.2058,83.61,38,1,5.84,MX,2022-02-15 00:29:03
442,Nchelenge,-9.3451,28.734,68.32,88,96,2.66,ZM,2022-02-15 00:29:04
443,Yulara,-25.2406,130.9889,89.44,33,31,8.05,AU,2022-02-15 00:29:04
444,Adwa,14.1646,38.8955,61.2,66,0,1.7,ET,2022-02-15 00:29:04
445,Quatre Cocos,-20.2078,57.7625,80.1,87,17,9.13,MU,2022-02-15 00:29:04
446,Belen,36.4891,36.2233,37.54,100,36,6.91,TR,2022-02-15 00:26:16
447,Planeta Rica,8.4147,-75.5883,79.84,84,98,10.42,CO,2022-02-15 00:29:05
448,Canar,-2.55,-78.9333,50.04,97,98,1.39,EC,2022-02-15 00:29:05
449,Obo,5.3998,26.4869,73.06,18,39,4.72,CF,2022-02-15 00:29:06
450,Ust-Maya,60.4167,134.5333,-31.81,98,49,0.92,RU,2022-02-15 00:29:06
451,Aix-Les-Bains,45.6834,5.9224,42.4,95,100,2.3,FR,2022-02-15 00:29:06
452,The Pas,53.8251,-101.2541,-5.78,71,0,4.61,CA,2022-02-15 00:29:07
453,Troitskoye,52.9821,84.6757,19.51,92,100,6.31,RU,2022-02-15 00:29:07
454,Poum,-20.2333,164.0167,82.54,74,92,7.72,NC,2022-02-15 00:29:08
455,Dulce Grande,23.0,-102.1667,59.34,68,52,14.29,MX,2022-02-15 00:29:08
456,Mosquera,4.7059,-74.2302,57.29,72,75,5.75,CO,2022-02-15 00:29:08
457,Dunmore Town,25.5,-76.65,69.58,61,6,22.19,BS,2022-02-15 00:30:09
458,Raudeberg,61.9875,5.1352,38.07,79,100,10.0,NO,2022-02-15 00:30:09
459,Port Moresby,-9.4431,147.1797,84.33,67,33,5.7,PG,2022-02-15 00:30:09
460,Wesselsbron,-27.8549,26.3658,67.66,69,51,13.22,ZA,2022-02-15 00:30:10
461,Najran,17.4924,44.1277,52.45,39,0,1.77,SA,2022-02-15 00:30:10
462,Ambo,-10.1308,-76.2047,62.65,89,73,3.22,PE,2022-02-15 00:30:11
463,Boyolangu,-8.1181,111.8935,76.3,91,99,3.87,ID,2022-02-15 00:30:11
464,Takhtamygda,54.1,123.5667,0.14,84,100,2.59,RU,2022-02-15 00:30:11
465,Mount Isa,-20.7333,139.5,87.57,37,100,13.8,AU,2022-02-15 00:30:11
466,Livingston,55.9029,-3.5226,38.48,86,75,9.22,GB,2022-02-15 00:30:11
467,Narsaq,60.9167,-46.05,10.62,79,11,6.44,GL,2022-02-15 00:30:12
468,Chimoio,-19.1164,33.4833,67.14,98,100,6.76,MZ,2022-02-15 00:30:12
469,Bonthe,7.5264,-12.505,77.27,87,0,5.41,SL,2022-02-15 00:30:12
470,Yenagoa,4.9247,6.2642,78.94,83,9,4.83,NG,2022-02-15 00:30:13
471,Hofn,64.2539,-15.2082,38.37,71,100,34.83,IS,2022-02-15 00:30:13
472,Cavalcante,-13.7975,-47.4583,68.22,94,15,2.37,BR,2022-02-15 00:30:13
473,Flin Flon,54.7682,-101.865,-7.76,71,20,0.0,CA,2022-02-15 00:30:14
474,Coos Bay,43.3665,-124.2179,47.32,91,75,13.8,US,2022-02-15 00:30:14
475,Itaituba,-4.2761,-55.9836,73.36,99,100,0.74,BR,2022-02-15 00:30:14
476,Ust-Barguzin,53.45,108.9833,-18.85,94,7,3.8,RU,2022-02-15 00:30:15
477,Vestmannaeyjar,63.4427,-20.2734,37.4,95,100,36.46,IS,2022-02-15 00:30:15
478,Tonantins,-2.8731,-67.8022,71.87,99,100,2.39,BR,2022-02-15 00:30:15
479,Dukat,62.55,155.55,-17.19,96,99,4.97,RU,2022-02-15 00:30:16
480,Opuwo,-18.0607,13.84,67.08,90,100,3.71,NA,2022-02-15 00:30:16
481,Comodoro Rivadavia,-45.8667,-67.5,76.86,33,100,24.16,AR,2022-02-15 00:30:16
482,Santa Vitoria Do Palmar,-33.5189,-53.3681,64.54,79,0,3.18,BR,2022-02-15 00:30:17
483,Gonaives,19.45,-72.6833,75.56,78,1,8.19,HT,2022-02-15 00:30:17
484,Salerno,40.45,15.2667,45.34,88,100,3.85,IT,2022-02-15 00:30:17
485,Aosta,45.7667,7.4167,28.72,86,100,3.53,IT,2022-02-15 00:30:17
486,Bambanglipuro,-7.95,110.2833,62.6,87,91,1.03,ID,2022-02-15 00:30:18
487,Cap Malheureux,-19.9842,57.6142,80.47,78,12,5.01,MU,2022-02-15 00:30:18
488,Gold Coast,-28.0,153.4333,81.16,82,75,9.22,AU,2022-02-15 00:30:18
489,Harper,4.375,-7.7169,78.08,85,35,6.6,LR,2022-02-15 00:30:19
490,Hetauda,27.4284,85.0322,56.55,83,0,3.78,NP,2022-02-15 00:30:19
491,Balestrand,61.2076,6.5334,36.16,83,100,4.38,NO,2022-02-15 00:30:19
492,Sao Felix Do Xingu,-6.6447,-51.995,71.28,98,64,0.83,BR,2022-02-15 00:30:20
493,Nombre De Dios,23.85,-104.2333,69.35,61,53,13.76,MX,2022-02-15 00:30:20
494,Kyabram,-36.3167,145.05,92.88,23,0,6.17,AU,2022-02-15 00:30:20
495,Marquette,46.5333,-87.6335,11.64,69,52,5.01,US,2022-02-15 00:30:21
496,Katobu,-4.9408,122.5276,81.81,78,13,3.18,ID,2022-02-15 00:30:21
497,Agadez,19.75,10.25,60.58,14,22,3.27,NE,2022-02-15 00:30:21
498,Kamyaran,34.7956,46.9355,31.95,76,0,2.19,IR,2022-02-15 00:30:21
499,Mangrol,21.1167,70.1167,65.26,73,0,5.1,IN,2022-02-15 00:30:22
500,Cervo,43.6702,-7.4101,45.97,84,100,9.46,ES,2022-02-15 00:30:22
501,Te Anau,-45.4167,167.7167,73.09,31,15,3.36,NZ,2022-02-15 00:30:22
502,College,64.8569,-147.8028,7.23,77,75,8.05,US,2022-02-15 00:30:23
503,Gantt,34.8001,-82.4243,49.71,34,0,6.91,US,2022-02-15 00:30:23
504,Buala,-8.145,159.5921,83.8,77,82,9.53,SB,2022-02-15 00:30:23
505,Dorogino,54.3598,83.3198,20.86,95,100,12.37,RU,2022-02-15 00:31:23
506,Torbat-E Jam,35.244,60.6225,34.47,76,90,3.2,IR,2022-02-15 00:31:24
507,Bramming,55.4695,8.7001,44.92,87,75,21.85,DK,2022-02-15 00:31:24
508,Pacific Grove,36.6177,-121.9166,62.02,86,100,13.0,US,2022-02-15 00:31:24
509,Poso,-1.3959,120.7524,84.15,64,47,0.29,ID,2022-02-15 00:31:25
510,Coihaique,-45.5752,-72.0662,57.81,72,100,5.75,CL,2022-02-15 00:27:00
511,Benidorm,38.5382,-0.131,57.49,49,0,10.65,ES,2022-02-15 00:31:25
512,Machali,-34.1833,-70.6667,67.1,63,0,2.08,CL,2022-02-15 00:31:26
513,Oussouye,12.485,-16.5469,73.49,32,23,5.7,SN,2022-02-15 00:31:26
514,Weligama,5.9667,80.4167,74.14,89,100,2.8,LK,2022-02-15 00:31:26
515,Kondinskoye,59.6481,67.41,-21.41,100,75,4.18,RU,2022-02-15 00:31:26
516,Aswan,24.0934,32.907,56.89,36,0,10.4,EG,2022-02-15 00:31:27
517,Mugumu,-1.85,34.7,60.46,91,100,3.47,TZ,2022-02-15 00:31:27
518,Berlevag,70.8578,29.0864,29.16,81,100,42.95,NO,2022-02-15 00:31:28
519,Kholm-Zhirkovskiy,55.5189,33.4731,24.15,88,100,11.32,RU,2022-02-15 00:31:28
520,Paamiut,61.994,-49.6678,-4.27,87,86,10.42,GL,2022-02-15 00:31:28
521,Asau,46.4333,26.4,30.96,82,87,3.96,RO,2022-02-15 00:31:29
522,Edson,53.5835,-116.4356,26.74,100,100,5.75,CA,2022-02-15 00:31:29
523,Gondanglegi,-7.7479,112.0132,76.71,90,97,12.5,ID,2022-02-15 00:31:29
524,Arvika,59.6553,12.5852,39.81,90,100,11.1,SE,2022-02-15 00:29:22
525,Makakilo City,21.3469,-158.0858,79.12,51,100,11.5,US,2022-02-15 00:31:30
526,Akyab,20.15,92.9,62.69,57,44,5.97,MM,2022-02-15 00:31:30
527,Lethem,3.3803,-59.7968,81.99,60,100,12.01,GY,2022-02-15 00:31:30
528,Santa Quiteria,-4.3319,-40.1567,74.88,77,16,3.85,BR,2022-02-15 00:31:31
529,Carrickfergus,54.7158,-5.8058,40.62,86,40,8.05,GB,2022-02-15 00:31:31
530,Athabasca,54.7169,-113.2854,21.61,92,100,4.72,CA,2022-02-15 00:30:51
531,Egvekinot,66.3167,-179.1667,-11.97,85,2,8.1,RU,2022-02-15 00:31:31
532,Leh,34.1667,77.5833,-1.79,94,98,2.08,IN,2022-02-15 00:30:56
533,Samarai,-10.6167,150.6667,83.28,76,100,8.5,PG,2022-02-15 00:31:32
534,Idukki,9.85,76.9667,64.74,94,7,3.83,IN,2022-02-15 00:31:32
535,Ust-Kuyga,70.0167,135.6,-35.39,99,94,4.7,RU,2022-02-15 00:31:32
536,Piacabucu,-10.4056,-36.4344,80.17,72,100,11.7,BR,2022-02-15 00:31:33
537,Alexandria,31.2156,29.9553,56.48,68,0,10.96,EG,2022-02-15 00:31:31
538,Toba,34.4833,136.85,46.33,61,55,7.76,JP,2022-02-15 00:31:33
539,Beyneu,45.3167,55.2,28.69,78,3,4.76,KZ,2022-02-15 00:31:33
540,Columbia,34.0007,-81.0348,50.54,49,0,0.0,US,2022-02-15 00:31:34
541,Rio Grande,-32.035,-52.0986,64.94,69,0,5.5,BR,2022-02-15 00:30:06
542,Salta,-24.7859,-65.4117,67.57,78,20,4.61,AR,2022-02-15 00:30:32
543,Puerto Rondon,6.2805,-71.1,82.4,41,100,4.07,CO,2022-02-15 00:31:34
544,Jasper,37.2001,-94.3502,53.65,41,0,8.05,US,2022-02-15 00:30:49
545,Xining,36.6167,101.7667,9.41,75,0,2.46,CN,2022-02-15 00:29:45
546,Khash,28.2211,61.2158,41.88,52,6,4.97,IR,2022-02-15 00:31:35
547,Saint-Joseph,-21.3667,55.6167,79.16,83,34,11.56,RE,2022-02-15 00:31:35
548,Shubarkuduk,49.1447,56.4872,13.1,97,100,3.8,KZ,2022-02-15 00:31:36
549,Manjacaze,-24.7117,33.8828,74.43,78,49,6.33,MZ,2022-02-15 00:31:36
550,Sibolga,1.7427,98.7792,78.31,85,47,2.48,ID,2022-02-15 00:31:36
551,Tabou,4.423,-7.3528,77.76,87,31,6.58,CI,2022-02-15 00:32:37
552,Jati,24.3539,68.2671,64.56,75,0,8.05,PK,2022-02-15 00:32:37
553,Colorado Springs,38.8339,-104.8214,56.01,42,0,13.8,US,2022-02-15 00:32:37
554,Henties Bay,-22.116,14.2845,73.85,84,14,7.58,NA,2022-02-15 00:32:38
555,Carutapera,-1.195,-46.02,75.99,90,100,7.07,BR,2022-02-15 00:32:38
556,Tahta,26.7693,31.5021,52.39,65,0,10.56,EG,2022-02-15 00:32:38
557,Bowen,-20.0167,148.2333,79.02,79,80,18.57,AU,2022-02-15 00:32:39
558,Boa Viagem,-5.1275,-39.7322,76.03,76,13,3.87,BR,2022-02-15 00:32:39
559,Esik,43.3552,77.4525,24.22,91,100,4.65,KZ,2022-02-15 00:32:39
560,Rocha,-34.4833,-54.3333,62.37,71,0,3.02,UY,2022-02-15 00:32:40
561,Macia,-25.0269,33.0989,73.33,93,90,4.23,MZ,2022-02-15 00:32:40
562,Susa,35.8254,10.637,55.92,88,78,0.0,TN,2022-02-15 00:32:40
563,Synya,65.3718,58.0387,10.49,89,94,12.46,RU,2022-02-15 00:32:40
564,Boa Esperanca,-21.09,-45.5658,68.14,92,3,0.29,BR,2022-02-15 00:32:41
565,Pocatello,42.8713,-112.4455,42.71,52,0,9.22,US,2022-02-15 00:31:24
566,Zitsa,39.6943,20.6372,45.66,93,15,1.14,GR,2022-02-15 00:32:41
567,Colares,38.7992,-9.4469,52.32,70,16,20.0,PT,2022-02-15 00:32:41
568,Kewanee,41.2456,-89.9248,27.79,82,9,3.71,US,2022-02-15 00:32:42
569,Coffs Harbour,-30.3,153.1333,79.07,78,40,5.75,AU,2022-02-15 00:32:42
570,Mudanjiang,44.5833,129.6,8.67,89,100,2.91,CN,2022-02-15 00:32:42
571,Nioro,13.35,-15.75,78.78,14,100,10.2,GM,2022-02-15 00:32:43
572,Anloga,5.7947,0.8973,82.62,83,3,12.28,GH,2022-02-15 00:32:43
573,Caravelas,-17.7125,-39.2481,77.94,86,0,7.23,BR,2022-02-15 00:32:43
574,Sioux Lookout,50.1001,-91.917,1.78,78,40,5.75,CA,2022-02-15 00:32:44
575,Lakatoro,-16.0999,167.4164,85.5,68,7,15.26,VU,2022-02-15 00:32:44
576,Launceston,-41.45,147.1667,78.15,54,11,13.8,AU,2022-02-15 00:30:46
577,Santo Tomas,14.1079,121.1414,81.55,69,7,7.25,PH,2022-02-15 00:32:44
578,Necochea,-38.5473,-58.7368,75.04,52,0,13.67,AR,2022-02-15 00:32:44
579,Zaruma,-3.6833,-79.6167,62.85,95,100,1.48,EC,2022-02-15 00:32:46
580,Matara,5.9485,80.5353,73.27,89,98,6.08,LK,2022-02-15 00:32:46
581,Pemangkat,1.1667,108.9667,77.86,89,100,6.91,ID,2022-02-15 00:32:46
582,North Augusta,33.5018,-81.9651,52.14,50,0,4.61,US,2022-02-15 00:32:47
583,Teya,60.3778,92.6267,-16.64,95,55,5.39,RU,2022-02-15 00:32:47
584,Fukue,32.6881,128.8419,46.76,66,75,12.66,JP,2022-02-15 00:32:47
585,Korem,12.5058,39.5228,50.54,83,2,1.61,ET,2022-02-15 00:32:48
586,Gdynia,54.5189,18.5319,38.86,69,0,5.75,PL,2022-02-15 00:32:48
587,Santa Maria Da Boa Vista,-8.8078,-39.8256,80.01,57,100,1.41,BR,2022-02-15 00:32:48
588,Duncan,34.5023,-97.9578,66.09,18,0,8.46,US,2022-02-15 00:30:00
589,Uglich,57.5275,38.3317,27.95,89,83,10.29,RU,2022-02-15 00:32:49
590,Lodwar,3.1191,35.5973,83.23,40,80,10.04,KE,2022-02-15 00:32:49
591,Tomatlan,19.9333,-105.25,75.6,51,5,4.14,MX,2022-02-15 00:32:49
592,Olinda,-8.0089,-34.8553,83.93,70,40,8.05,BR,2022-02-15 00:32:49
593,Sydney Mines,46.2367,-60.2177,23.0,93,100,18.99,CA,2022-02-15 00:32:50
594,Grindavik,63.8424,-22.4338,35.55,100,100,31.07,IS,2022-02-15 00:29:14
595,Camocim,-2.9022,-40.8411,77.77,87,86,10.92,BR,2022-02-15 00:32:50
596,Maloy,61.9353,5.1136,38.93,79,100,7.0,NO,2022-02-15 00:32:50
597,Kodino,63.7198,39.6447,30.88,97,100,4.32,RU,2022-02-15 00:32:51
598,Mokrousovo,55.8103,66.7653,-11.15,100,98,7.14,RU,2022-02-15 00:32:51
599,Pangoa,-12.1167,-73.0,68.56,97,60,1.92,PE,2022-02-15 00:33:51
600,Novo Aripuana,-5.1206,-60.3797,72.12,99,100,2.35,BR,2022-02-15 00:33:52
601,Karacabey,40.2152,28.4038,39.45,90,7,0.25,TR,2022-02-15 00:33:52
602,Regina,50.4501,-104.6178,14.02,72,75,21.85,CA,2022-02-15 00:31:09
603,Bara,10.3744,10.7288,71.51,16,3,8.23,NG,2022-02-15 00:33:52
604,Ozubulu,5.9567,6.849,75.27,86,47,4.14,NG,2022-02-15 00:33:53
605,Palembang,-2.9167,104.7458,75.29,94,40,0.0,ID,2022-02-15 00:33:53
606,Gayeri,12.6497,0.4931,76.82,12,0,8.5,BF,2022-02-15 00:33:53
607,Sajanan,37.0573,9.2426,45.52,63,5,5.01,TN,2022-02-15 00:33:54
608,Beringovskiy,63.05,179.3167,-14.91,93,100,16.02,RU,2022-02-15 00:33:54
609,Shelton,41.3165,-73.0932,22.96,46,0,11.5,US,2022-02-15 00:33:54
610,Puerto Princesa,9.7392,118.7353,81.5,72,65,6.42,PH,2022-02-15 00:33:55
611,Abha,18.2164,42.5053,52.05,87,0,0.0,SA,2022-02-15 00:31:54
612,Ludvika,60.1496,15.1878,35.04,98,100,5.03,SE,2022-02-15 00:33:55
613,Willmar,45.1219,-95.0433,15.39,67,0,5.75,US,2022-02-15 00:33:55
614,Ferentino,41.6953,13.2564,51.89,89,100,5.93,IT,2022-02-15 00:33:56
615,Tornio,65.8481,24.1466,-11.18,95,65,3.62,FI,2022-02-15 00:33:56
616,Khromtau,50.2503,58.4347,9.21,95,100,8.46,KZ,2022-02-15 00:33:56
617,Triunfo,-29.9433,-51.7181,76.28,66,0,3.33,BR,2022-02-15 00:33:56
618,Urumqi,43.801,87.6005,9.55,92,95,4.47,CN,2022-02-15 00:29:41
619,Romanovskaya,47.5426,42.0285,27.48,67,0,3.87,RU,2022-02-15 00:33:57
620,Mumford,5.2618,-0.759,79.92,87,100,7.2,GH,2022-02-15 00:33:57
621,Crixas,-14.5489,-49.9692,72.1,93,59,0.87,BR,2022-02-15 00:33:58
622,Caborca,30.5838,-111.101,72.54,9,0,9.78,MX,2022-02-15 00:33:58
623,Wewak,-3.5534,143.6268,78.51,86,100,4.23,PG,2022-02-15 00:33:58
624,Jaru,-10.4389,-62.4664,73.56,97,100,3.15,BR,2022-02-15 00:33:59
625,Darab,28.7519,54.5444,49.19,41,0,1.86,IR,2022-02-15 00:33:59
626,Itapirapua,-15.8233,-50.6133,72.39,93,17,1.68,BR,2022-02-15 00:33:59
627,Shumyachi,53.8583,32.4242,19.78,90,11,8.5,RU,2022-02-15 00:34:00
628,Sur,22.5667,59.5289,69.66,71,20,13.38,OM,2022-02-15 00:34:00
629,Lodja,-3.4833,23.4333,68.23,99,100,2.24,CD,2022-02-15 00:34:00
630,Gerash,27.6652,54.1371,46.54,41,0,2.64,IR,2022-02-15 00:34:01
631,Wetaskiwin,52.9668,-113.3687,27.01,96,100,8.61,CA,2022-02-15 00:30:52
632,Lanzhou,36.0564,103.7922,15.08,67,4,1.88,CN,2022-02-15 00:34:01
633,Kalabo,-14.97,22.6814,65.86,97,100,3.09,ZM,2022-02-15 00:34:02
634,Port-Cartier,50.0334,-66.8654,-0.26,87,93,8.79,CA,2022-02-15 00:34:02
635,Zalantun,48.0,122.7167,-0.18,81,99,8.81,CN,2022-02-15 00:34:02
636,Ambulu,-8.345,113.6058,78.93,86,99,2.21,ID,2022-02-15 00:34:02
637,Finnsnes,69.2296,17.9811,26.56,95,100,4.29,NO,2022-02-15 00:34:03
638,Uruzgan,32.8333,66.0,36.75,63,1,6.76,AF,2022-02-15 00:34:03
639,Herat,34.5,62.0,32.68,81,74,7.78,AF,2022-02-15 00:34:03
640,Shawnee,39.05,-95.7669,46.85,36,0,3.44,US,2022-02-15 00:34:04
641,Klamath Falls,42.2249,-121.7817,44.87,63,75,18.41,US,2022-02-15 00:31:08
642,Tulum,20.2167,-87.4667,73.92,72,88,9.48,MX,2022-02-15 00:30:03
643,Potiskum,11.7091,11.0694,69.46,15,5,8.97,NG,2022-02-15 00:34:04
644,Broken Hill,-31.95,141.4333,87.51,22,9,2.3,AU,2022-02-15 00:34:05
645,Uong Bi,21.0333,106.7833,60.78,80,100,1.41,VN,2022-02-15 00:35:05
646,Staraya Poltavka,50.4772,46.4814,11.39,87,25,8.5,RU,2022-02-15 00:35:05
647,Bereda,43.2686,-7.5406,41.92,100,88,2.46,ES,2022-02-15 00:35:05
648,Namibe,-15.1961,12.1522,76.66,81,100,4.81,AO,2022-02-15 00:35:06
649,Waterloo,43.4668,-80.5164,12.33,71,100,3.44,CA,2022-02-15 00:34:47
650,Betsiamites,48.9413,-68.646,6.69,93,46,6.31,CA,2022-02-15 00:35:06
651,Tucuman,-26.8241,-65.2226,75.2,78,20,4.61,AR,2022-02-15 00:35:06
652,Bridlington,54.0831,-0.1919,42.03,86,90,4.0,GB,2022-02-15 00:35:07
653,Nieuwpoort,51.1244,2.7735,46.02,81,75,17.27,BE,2022-02-15 00:35:07
654,La Ronge,55.1001,-105.2842,-1.95,71,75,6.91,CA,2022-02-15 00:35:08
655,Nyurba,63.2842,118.3319,-19.44,98,100,3.38,RU,2022-02-15 00:33:14
656,Jamame,0.0722,42.7506,74.43,82,93,8.1,SO,2022-02-15 00:35:08
657,Sao Filipe,14.8961,-24.4956,72.95,70,100,8.46,CV,2022-02-15 00:35:08
658,Shu,43.5983,73.7614,28.53,67,100,9.57,KZ,2022-02-15 00:35:09
659,Ouargaye,11.5033,0.0572,78.94,12,6,9.01,BF,2022-02-15 00:35:09
660,Mayumba,-3.432,10.6554,75.99,86,65,3.53,GA,2022-02-15 00:35:09
661,Umarkhed,19.6,77.7,64.47,42,6,5.48,IN,2022-02-15 00:35:09
662,Jardim,-21.4803,-56.1381,83.84,47,100,3.44,BR,2022-02-15 00:35:10
663,Tigzirt,36.8886,4.1198,54.09,77,92,8.21,DZ,2022-02-15 00:35:10
664,Wanning,18.8003,110.3967,68.97,87,100,9.53,CN,2022-02-15 00:35:10
665,Saint Albans,51.75,-0.3333,41.97,88,6,11.5,GB,2022-02-15 00:30:57
666,Shingu,33.7333,135.9833,47.39,59,41,4.21,JP,2022-02-15 00:35:11
667,Kulhudhuffushi,6.6221,73.07,80.6,74,100,8.95,MV,2022-02-15 00:35:11
668,Kijini,-5.85,39.3167,78.53,85,100,9.73,TZ,2022-02-15 00:35:11
669,Verkhnevilyuysk,63.4453,120.3167,-26.66,99,97,2.89,RU,2022-02-15 00:35:12
670,Bondoukou,8.0333,-2.8,78.75,36,6,4.05,CI,2022-02-15 00:35:12
671,Hashtrud,37.4779,47.0508,8.31,97,43,2.24,IR,2022-02-15 00:35:12
672,Chapais,49.7834,-74.8492,-7.82,99,100,3.29,CA,2022-02-15 00:32:46
673,Mao,39.8885,4.2658,48.76,93,0,2.3,ES,2022-02-15 00:35:13
674,Dolores,-36.3132,-57.6792,68.22,50,0,4.45,AR,2022-02-15 00:35:13
675,Varfurile,46.3167,22.5167,34.57,82,35,4.79,RO,2022-02-15 00:35:13
676,Niagara Falls,43.1001,-79.0663,15.69,64,20,12.66,CA,2022-02-15 00:35:14
677,Banda Aceh,5.5577,95.3222,79.39,79,100,1.95,ID,2022-02-15 00:35:14
678,Acapulco,16.8634,-99.8901,84.02,70,20,4.61,MX,2022-02-15 00:34:59
679,Qandala,11.472,49.8728,72.46,66,26,4.29,SO,2022-02-15 00:35:15
680,Plettenberg Bay,-34.0527,23.3716,68.76,77,2,7.05,ZA,2022-02-15 00:35:15
681,Nizhniy Tsasuchey,50.5167,115.1333,-6.97,96,96,3.94,RU,2022-02-15 00:35:15
682,Payo,-3.7508,103.6372,75.72,81,41,1.32,ID,2022-02-15 00:35:16
683,Sao Joao Del Rei,-21.1356,-44.2617,72.03,96,10,1.63,BR,2022-02-15 00:35:16
684,Tsiroanomandidy,-18.7667,46.0333,67.23,93,40,2.35,MG,2022-02-15 00:35:16
685,Sakakah,29.9697,40.2064,45.97,49,0,5.95,SA,2022-02-15 00:35:16
686,Sistranda,63.7256,8.834,28.9,71,100,24.76,NO,2022-02-15 00:35:17
